,block_numbers,timestamps,base_fee
0,13212868,2021-09-12 19:32:49,62.278826439
1,13212869,2021-09-12 19:33:35,70.052910167
2,13212870,2021-09-12 19:33:37,78.806210435
3,13212871,2021-09-12 19:34:03,88.648517041
4,13212872,2021-09-12 19:34:23,99.716095148
5,13212873,2021-09-12 19:34:25,103.600020434
6,13212874,2021-09-12 19:35:00,116.54565193
7,13212875,2021-09-12 19:35:38,131.100826674
8,13212876,2021-09-12 19:35:55,147.466860644
9,13212877,2021-09-12 19:36:00,165.731336717
10,13212878,2021-09-12 19:36:07,167.509541426
11,13212879,2021-09-12 19:36:30,185.561740396
12,13212880,2021-09-12 19:36:34,168.204814773
13,13212881,2021-09-12 19:36:42,181.852015701
14,13212882,2021-09-12 19:36:59,204.577850929
15,13212883,2021-09-12 19:37:47,230.124571843
16,13212884,2021-09-12 19:37:57,258.679439714
17,13212885,2021-09-12 19:38:24,276.386561686
18,13212886,2021-09-12 19:38:30,253.978631376
19,13212887,2021-09-12 19:38:38,273.396762354
20,13212888,2021-09-12 19:38:57,239.738148437
21,13212889,2021-09-12 19:39:17,269.505940867
22,13212890,2021-09-12 19:39:21,261.047676584
23,13212891,2021-09-12 19:39:29,252.786877244
24,13212892,2021-09-12 19:39:32,226.250140855
25,13212893,2021-09-12 19:39:48,254.513676107
26,13212894,2021-09-12 19:39:50,226.167659287
27,13212895,2021-09-12 19:39:54,200.288564344
28,13212896,2021-09-12 19:40:09,219.034186968
29,13212897,2021-09-12 19:40:15,207.0809438
30,13212898,2021-09-12 19:40:18,187.440111289
31,13212899,2021-09-12 19:40:19,169.832132075
32,13212900,2021-09-12 19:40:29,174.600302218
33,13212901,2021-09-12 19:40:54,188.995458389
34,13212902,2021-09-12 19:40:56,175.621123903
35,13212903,2021-09-12 19:40:58,154.722680867
36,13212904,2021-09-12 19:41:02,174.05472026
37,13212905,2021-09-12 19:41:16,166.893106804
38,13212906,2021-09-12 19:41:49,187.493746587
39,13212907,2021-09-12 19:41:56,197.034294009
40,13212908,2021-09-12 19:42:05,176.374606747
41,13212909,2021-09-12 19:42:19,185.418407532
42,13212910,2021-09-12 19:42:21,163.162663988
43,13212911,2021-09-12 19:42:32,150.000604407
44,13212912,2021-09-12 19:42:39,133.167601959
45,13212913,2021-09-12 19:42:49,149.80098906
46,13212914,2021-09-12 19:43:09,168.502329973
47,13212915,2021-09-12 19:43:29,189.526382533
48,13212916,2021-09-12 19:43:37,186.478965854
49,13212917,2021-09-12 19:43:42,172.578798215
50,13212918,2021-09-12 19:44:17,194.147467025
51,13212919,2021-09-12 19:44:53,218.389937982
52,13212920,2021-09-12 19:44:58,243.937282103
53,13212921,2021-09-12 19:45:05,238.313552002
54,13212922,2021-09-12 19:45:15,219.065711017
55,13212923,2021-09-12 19:45:33,226.058852697
56,13212924,2021-09-12 19:45:45,212.970694423
57,13212925,2021-09-12 19:46:01,208.889384377
58,13212926,2021-09-12 19:46:46,234.997599898
59,13212927,2021-09-12 19:46:53,241.879659317
60,13212928,2021-09-12 19:46:54,213.885888278
61,13212929,2021-09-12 19:46:55,188.827093001
62,13212930,2021-09-12 19:46:57,177.018579834
63,13212931,2021-09-12 19:47:12,186.898628811
64,13212932,2021-09-12 19:47:26,179.030718297
65,13212933,2021-09-12 19:47:40,175.307455239
66,13212934,2021-09-12 19:48:17,196.857217671
67,13212935,2021-09-12 19:49:14,221.453098163
68,13212936,2021-09-12 19:49:19,235.709909061
69,13212937,2021-09-12 19:49:21,207.841409916
70,13212938,2021-09-12 19:49:31,193.831450926
71,13212939,2021-09-12 19:49:38,181.768596098
72,13212940,2021-09-12 19:50:12,197.159434497
73,13212941,2021-09-12 19:50:13,185.768469306
74,13212942,2021-09-12 19:51:00,208.444791346
75,13212943,2021-09-12 19:51:02,218.263238645
76,13212944,2021-09-12 19:51:18,193.446251878
77,13212945,2021-09-12 19:51:38,216.967236559
78,13212946,2021-09-12 19:52:08,223.477571731
79,13212947,2021-09-12 19:52:10,202.047754823
80,13212948,2021-09-12 19:52:15,179.533133587
81,13212949,2021-09-12 19:52:41,201.247575083
82,13212950,2021-09-12 19:52:59,200.067343586
83,13212951,2021-09-12 19:53:06,179.491355951
84,13212952,2021-09-12 19:53:12,167.080962678
85,13212953,2021-09-12 19:53:13,162.340645011
86,13212954,2021-09-12 19:53:18,168.283225784
87,13212955,2021-09-12 19:54:13,189.31813818
88,13212956,2021-09-12 19:54:20,197.356673097
89,13212957,2021-09-12 19:54:27,182.549169668
90,13212958,2021-09-12 19:54:39,174.56540303
91,13212959,2021-09-12 19:54:53,169.927179906
92,13212960,2021-09-12 19:54:54,154.410518787
93,13212961,2021-09-12 19:54:55,136.376529559
94,13212962,2021-09-12 19:55:06,153.149103719
95,13212963,2021-09-12 19:55:08,147.383150616
96,13212964,2021-09-12 19:55:16,139.246261967
97,13212965,2021-09-12 19:55:24,122.475444497
98,13212966,2021-09-12 19:55:41,124.262983815
99,13212967,2021-09-12 19:55:43,139.777381992
100,13212968,2021-09-12 19:55:50,157.248388738
101,13212969,2021-09-12 19:55:54,171.963882964
102,13212970,2021-09-12 19:56:16,184.652216573
103,13212971,2021-09-12 19:56:17,162.569973441
104,13212972,2021-09-12 19:56:34,162.975372557
105,13212973,2021-09-12 19:56:55,167.996855242
106,13212974,2021-09-12 19:57:00,154.920148027
107,13212975,2021-09-12 19:57:01,136.762507444
108,13212976,2021-09-12 19:57:03,153.850975911
109,13212977,2021-09-12 19:57:06,144.415187863
110,13212978,2021-09-12 19:57:15,153.617019158
111,13212979,2021-09-12 19:57:35,152.842893073
112,13212980,2021-09-12 19:58:22,171.947810622
113,13212981,2021-09-12 19:58:33,193.166318041
114,13212982,2021-09-12 19:58:48,196.847929159
115,13212983,2021-09-12 19:58:54,188.327376388
116,13212984,2021-09-12 19:59:01,179.918010137
117,13212985,2021-09-12 19:59:51,202.405594891
118,13212986,2021-09-12 19:59:55,179.209674204
119,13212987,2021-09-12 20:00:12,201.608275978
120,13212988,2021-09-12 20:00:14,214.068181911
121,13212989,2021-09-12 20:00:22,201.880163593
122,13212990,2021-09-12 20:00:23,176.645143144
123,13212991,2021-09-12 20:00:36,182.56588353
124,13212992,2021-09-12 20:00:37,159.745148089
125,13212993,2021-09-12 20:00:41,157.01827242
126,13212994,2021-09-12 20:00:44,140.517770227
127,13212995,2021-09-12 20:00:50,144.254895362
128,13212996,2021-09-12 20:01:24,161.76523211
129,13212997,2021-09-12 20:01:27,179.458404127
130,13212998,2021-09-12 20:01:46,194.449031191
131,13212999,2021-09-12 20:01:54,181.523906008
132,13213000,2021-09-12 20:01:55,164.03609986
133,13213001,2021-09-12 20:01:57,148.819553515
134,13213002,2021-09-12 20:02:12,166.884932738
135,13213003,2021-09-12 20:02:28,179.346280731
136,13213004,2021-09-12 20:02:32,166.776946102
137,13213005,2021-09-12 20:02:34,147.762453532
138,13213006,2021-09-12 20:02:42,143.407864474
139,13213007,2021-09-12 20:02:48,128.122625256
140,13213008,2021-09-12 20:03:01,144.04736431
141,13213009,2021-09-12 20:03:23,159.939727088
142,13213010,2021-09-12 20:03:29,141.922932675
143,13213011,2021-09-12 20:04:02,159.65809187
144,13213012,2021-09-12 20:04:03,169.240352772
145,13213013,2021-09-12 20:04:07,152.054877819
146,13213014,2021-09-12 20:04:14,142.21158503
147,13213015,2021-09-12 20:04:45,159.986946425
148,13213016,2021-09-12 20:04:55,165.650789636
149,13213017,2021-09-12 20:05:07,166.567341888
150,13213018,2021-09-12 20:05:16,160.569478161
151,13213019,2021-09-12 20:05:17,142.324258721
152,13213020,2021-09-12 20:05:39,159.921147553
153,13213021,2021-09-12 20:05:40,144.671585334
154,13213022,2021-09-12 20:05:45,131.343711919
155,13213023,2021-09-12 20:05:50,127.545695422
156,13213024,2021-09-12 20:06:10,141.698323092
157,13213025,2021-09-12 20:06:22,149.939259037
158,13213026,2021-09-12 20:06:34,148.146730198
159,13213027,2021-09-12 20:06:42,155.591030551
160,13213028,2021-09-12 20:07:06,174.790724709
161,13213029,2021-09-12 20:07:13,166.979456859
162,13213030,2021-09-12 20:07:26,168.875024351
163,13213031,2021-09-12 20:07:53,189.975146636
164,13213032,2021-09-12 20:08:23,208.516686118
165,13213033,2021-09-12 20:08:42,213.169113893
166,13213034,2021-09-12 20:08:43,194.086151986
167,13213035,2021-09-12 20:08:46,171.736402145
168,13213036,2021-09-12 20:08:57,185.90909757
169,13213037,2021-09-12 20:09:02,165.858829284
170,13213038,2021-09-12 20:09:26,186.398662325
171,13213039,2021-09-12 20:09:38,198.309844176
172,13213040,2021-09-12 20:09:46,201.739154585
173,13213041,2021-09-12 20:09:52,178.310738949
174,13213042,2021-09-12 20:10:00,200.599225043
175,13213043,2021-09-12 20:10:21,214.780998357
176,13213044,2021-09-12 20:10:38,236.772831699
177,13213045,2021-09-12 20:10:52,231.102763111
178,13213046,2021-09-12 20:10:55,202.214917723
179,13213047,2021-09-12 20:11:14,213.794110052
180,13213048,2021-09-12 20:11:19,192.555564733
181,13213049,2021-09-12 20:11:42,194.744052849
182,13213050,2021-09-12 20:11:48,179.104855367
183,13213051,2021-09-12 20:12:15,188.79941462
184,13213052,2021-09-12 20:12:26,173.779563723
185,13213053,2021-09-12 20:12:34,165.045622972
186,13213054,2021-09-12 20:12:49,159.858288556
187,13213055,2021-09-12 20:13:33,179.831320162
188,13213056,2021-09-12 20:13:35,157.628557115
189,13213057,2021-09-12 20:13:46,166.278526645
190,13213058,2021-09-12 20:13:56,152.906065276
191,13213059,2021-09-12 20:14:01,139.109339283
192,13213060,2021-09-12 20:14:09,149.566766779
193,13213061,2021-09-12 20:14:21,142.510661655
194,13213062,2021-09-12 20:14:28,138.165617277
195,13213063,2021-09-12 20:14:54,148.626774025
196,13213064,2021-09-12 20:15:21,158.740360968
197,13213065,2021-09-12 20:15:28,145.703934493
198,13213066,2021-09-12 20:15:34,135.987475778
199,13213067,2021-09-12 20:15:42,128.79540529
200,13213068,2021-09-12 20:15:53,130.280240422
201,13213069,2021-09-12 20:16:23,146.084644954
202,13213070,2021-09-12 20:16:34,139.649910948
203,13213071,2021-09-12 20:17:08,157.081747158
204,13213072,2021-09-12 20:17:19,154.2334489
205,13213073,2021-09-12 20:17:46,162.00124047
206,13213074,2021-09-12 20:17:48,143.550657291
207,13213075,2021-09-12 20:18:05,136.612237953
208,13213076,2021-09-12 20:18:35,153.674151936
209,13213077,2021-09-12 20:18:53,162.38308127
210,13213078,2021-09-12 20:18:58,146.322517664
211,13213079,2021-09-12 20:18:59,131.955868093
212,13213080,2021-09-12 20:19:11,127.201229954
213,13213081,2021-09-12 20:19:14,117.266088425
214,13213082,2021-09-12 20:19:22,125.513624164
215,13213083,2021-09-12 20:19:44,130.718901128
216,13213084,2021-09-12 20:19:52,122.063751539
217,13213085,2021-09-12 20:19:58,114.400808933
218,13213086,2021-09-12 20:19:59,103.640847776
219,13213087,2021-09-12 20:20:15,116.581854261
220,13213088,2021-09-12 20:20:28,121.425363006
221,13213089,2021-09-12 20:20:49,134.486177862
222,13213090,2021-09-12 20:20:56,140.700887247
223,13213091,2021-09-12 20:21:05,130.958223151
224,13213092,2021-09-12 20:21:14,123.789888681
225,13213093,2021-09-12 20:21:15,113.512537491
226,13213094,2021-09-12 20:21:31,126.579093383
227,13213095,2021-09-12 20:23:14,142.39766686
228,13213096,2021-09-12 20:23:26,128.503774614
229,13213097,2021-09-12 20:23:27,112.440802788
230,13213098,2021-09-12 20:23:30,126.477650246
231,13213099,2021-09-12 20:23:47,142.280795498
232,13213100,2021-09-12 20:23:49,150.34637669
233,13213101,2021-09-12 20:23:55,137.439597555
234,13213102,2021-09-12 20:24:15,131.970644612
235,13213103,2021-09-12 20:24:30,131.961859767
236,13213104,2021-09-12 20:24:47,128.758779918
237,13213105,2021-09-12 20:24:50,117.731364482
238,13213106,2021-09-12 20:24:51,103.014943922
239,13213107,2021-09-12 20:25:04,112.80719424
240,13213108,2021-09-12 20:25:15,106.103357866
241,13213109,2021-09-12 20:25:37,114.721566856
242,13213110,2021-09-12 20:25:48,106.793329541
243,13213111,2021-09-12 20:26:04,104.370360653
244,13213112,2021-09-12 20:26:20,96.573450269
245,13213113,2021-09-12 20:26:27,108.248866383
246,13213114,2021-09-12 20:26:50,121.777098869
247,13213115,2021-09-12 20:26:54,130.945023962
248,13213116,2021-09-12 20:27:01,134.942761815
249,13213117,2021-09-12 20:27:13,141.305597747
250,13213118,2021-09-12 20:27:20,126.718049782
251,13213119,2021-09-12 20:28:39,142.541038038
252,13213120,2021-09-12 20:28:54,160.296740838
253,13213121,2021-09-12 20:29:02,142.823255309
254,13213122,2021-09-12 20:29:10,141.893856189
255,13213123,2021-09-12 20:30:01,155.251442645
256,13213124,2021-09-12 20:30:15,148.129882837
257,13213125,2021-09-12 20:30:48,158.821452895
258,13213126,2021-09-12 20:31:44,178.179381607
259,13213127,2021-09-12 20:32:02,178.56000929
260,13213128,2021-09-12 20:32:23,169.28789505
261,13213129,2021-09-12 20:32:28,152.140604236
262,13213130,2021-09-12 20:32:35,149.053357573
263,13213131,2021-09-12 20:32:44,137.649500071
264,13213132,2021-09-12 20:32:47,127.84639174
265,13213133,2021-09-12 20:32:53,127.454604342
266,13213134,2021-09-12 20:33:00,120.115153256
267,13213135,2021-09-12 20:33:27,134.038316789
268,13213136,2021-09-12 20:33:30,122.783734272
269,13213137,2021-09-12 20:33:51,123.096992755
270,13213138,2021-09-12 20:33:57,115.401958673
271,13213139,2021-09-12 20:34:00,105.847958419
272,13213140,2021-09-12 20:34:03,103.098650317
273,13213141,2021-09-12 20:34:33,115.984458324
274,13213142,2021-09-12 20:34:46,119.277993597
275,13213143,2021-09-12 20:35:02,123.065546204
276,13213144,2021-09-12 20:35:08,108.408873458
277,13213145,2021-09-12 20:35:26,115.216424928
278,13213146,2021-09-12 20:36:27,119.291399444
279,13213147,2021-09-12 20:37:06,113.822907727
280,13213148,2021-09-12 20:37:14,128.033621874
281,13213149,2021-09-12 20:37:26,144.020805286
282,13213150,2021-09-12 20:37:35,152.334075023
283,13213151,2021-09-12 20:37:41,144.902513029
284,13213152,2021-09-12 20:38:02,142.880731736
285,13213153,2021-09-12 20:38:22,139.898479858
286,13213154,2021-09-12 20:38:46,143.27506607
287,13213155,2021-09-12 20:38:49,125.654577879
288,13213156,2021-09-12 20:38:55,123.274341954
289,13213157,2021-09-12 20:39:44,138.667127553
290,13213158,2021-09-12 20:39:52,148.493358627
291,13213159,2021-09-12 20:39:55,133.805426384
292,13213160,2021-09-12 20:40:26,144.291713796
293,13213161,2021-09-12 20:41:40,161.363565369
294,13213162,2021-09-12 20:42:27,181.523289775
295,13213163,2021-09-12 20:42:37,189.567957245
296,13213164,2021-09-12 20:42:39,165.938311375
297,13213165,2021-09-12 20:43:02,152.190551826
298,13213166,2021-09-12 20:43:09,163.573948007
299,13213167,2021-09-12 20:43:44,178.087270977
300,13213168,2021-09-12 20:44:36,192.823223105
301,13213169,2021-09-12 20:44:42,170.017300046
302,13213170,2021-09-12 20:44:44,152.674329902
303,13213171,2021-09-12 20:44:47,144.634048028
304,13213172,2021-09-12 20:44:51,141.64545782
305,13213173,2021-09-12 20:46:01,159.343986951
306,13213174,2021-09-12 20:46:13,179.177227597
307,13213175,2021-09-12 20:47:14,201.472956773
308,13213176,2021-09-12 20:47:20,180.359253908
309,13213177,2021-09-12 20:47:21,168.900401481
310,13213178,2021-09-12 20:47:32,158.046799752
311,13213179,2021-09-12 20:47:59,163.249970396
312,13213180,2021-09-12 20:48:02,143.653320152
313,13213181,2021-09-12 20:48:18,143.449512005
314,13213182,2021-09-12 20:48:20,127.251770494
315,13213183,2021-09-12 20:48:21,118.617071916
316,13213184,2021-09-12 20:48:32,109.18155436
317,13213185,2021-09-12 20:48:34,108.501202242
318,13213186,2021-09-12 20:49:13,122.059908503
319,13213187,2021-09-12 20:49:15,113.060412535
320,13213188,2021-09-12 20:49:18,101.554229165
321,13213189,2021-09-12 20:49:23,99.527978316
322,13213190,2021-09-12 20:49:53,111.487769527
323,13213191,2021-09-12 20:49:57,105.15145451
324,13213192,2021-09-12 20:49:58,94.393679965
325,13213193,2021-09-12 20:50:03,105.73292057
326,13213194,2021-09-12 20:50:05,92.8658788
327,13213195,2021-09-12 20:50:06,84.618683848
328,13213196,2021-09-12 20:50:22,95.170778985
329,13213197,2021-09-12 20:50:49,107.060226476
330,13213198,2021-09-12 20:50:58,95.503500593
331,13213199,2021-09-12 20:51:00,93.171821624
332,13213200,2021-09-12 20:51:01,82.710835016
333,13213201,2021-09-12 20:51:04,74.734403488
334,13213202,2021-09-12 20:52:04,83.650816525
335,13213203,2021-09-12 20:52:16,93.506046852
336,13213204,2021-09-12 20:52:25,105.187406637
337,13213205,2021-09-12 20:52:58,118.329301205
338,13213206,2021-09-12 20:53:22,121.44436177
339,13213207,2021-09-12 20:53:23,111.666315536
340,13213208,2021-09-12 20:53:35,119.720121058
341,13213209,2021-09-12 20:53:46,111.879350182
342,13213210,2021-09-12 20:53:58,108.637455816
343,13213211,2021-09-12 20:54:07,100.129987848
344,13213212,2021-09-12 20:54:29,106.573464377
345,13213213,2021-09-12 20:54:31,98.747616279
346,13213214,2021-09-12 20:54:35,93.662652216
347,13213215,2021-09-12 20:54:39,91.795651154
348,13213216,2021-09-12 20:54:40,83.442958398
349,13213217,2021-09-12 20:54:47,84.803828215
350,13213218,2021-09-12 20:54:49,77.65180953
351,13213219,2021-09-12 20:54:53,78.098662277
352,13213220,2021-09-12 20:55:20,87.652478941
353,13213221,2021-09-12 20:55:51,98.595892493
354,13213222,2021-09-12 20:56:00,93.868182588
355,13213223,2021-09-12 20:56:02,85.505516265
356,13213224,2021-09-12 20:56:08,82.95108742
357,13213225,2021-09-12 20:56:26,89.202315239
358,13213226,2021-09-12 20:56:39,89.784817507
359,13213227,2021-09-12 20:56:52,88.342370543
360,13213228,2021-09-12 20:56:54,78.963912094
361,13213229,2021-09-12 20:56:59,77.197118909
362,13213230,2021-09-12 20:57:03,73.829978722
363,13213231,2021-09-12 20:57:08,72.067083102
364,13213232,2021-09-12 20:57:09,73.893077415
365,13213233,2021-09-12 20:57:28,78.545426539
366,13213234,2021-09-12 20:57:48,84.914904922
367,13213235,2021-09-12 20:57:51,78.089492983
368,13213236,2021-09-12 20:58:11,78.358209848
369,13213237,2021-09-12 20:58:19,74.793981069
370,13213238,2021-09-12 20:58:21,68.528736136
371,13213239,2021-09-12 20:59:16,77.083336056
372,13213240,2021-09-12 20:59:40,86.709404898
373,13213241,2021-09-12 20:59:56,97.541437124
374,13213242,2021-09-12 20:59:58,93.905241099
375,13213243,2021-09-12 21:00:11,95.065370219
376,13213244,2021-09-12 21:00:16,86.250580325
377,13213245,2021-09-12 21:00:56,97.019340468
378,13213246,2021-09-12 21:01:01,99.137273478
379,13213247,2021-09-12 21:01:28,95.936089611
380,13213248,2021-09-12 21:02:21,107.917704538
381,13213249,2021-09-12 21:02:41,118.676625802
382,13213250,2021-09-12 21:02:58,123.303795477
383,13213251,2021-09-12 21:03:05,113.743161344
384,13213252,2021-09-12 21:03:14,104.059369059
385,13213253,2021-09-12 21:03:39,107.609617184
386,13213254,2021-09-12 21:04:00,94.588782101
387,13213255,2021-09-12 21:04:15,106.404625159
388,13213256,2021-09-12 21:04:18,96.618848041
389,13213257,2021-09-12 21:04:28,91.857046617
390,13213258,2021-09-12 21:04:41,92.694893892
391,13213259,2021-09-12 21:04:42,81.860412664
392,13213260,2021-09-12 21:05:01,85.933773154
393,13213261,2021-09-12 21:05:02,79.877615555
394,13213262,2021-09-12 21:05:07,70.053426705
395,13213263,2021-09-12 21:05:30,78.798772733
396,13213264,2021-09-12 21:05:40,82.785876375
397,13213265,2021-09-12 21:05:42,72.437641829
398,13213266,2021-09-12 21:06:35,81.118627634
399,13213267,2021-09-12 21:07:20,91.245593082
400,13213268,2021-09-12 21:07:31,102.650314368
401,13213269,2021-09-12 21:07:40,115.464838301
402,13213270,2021-09-12 21:07:56,109.658735093
403,13213271,2021-09-12 21:07:57,100.715651285
404,13213272,2021-09-12 21:08:23,103.295336654
405,13213273,2021-09-12 21:08:35,91.534284122
406,13213274,2021-09-12 21:09:07,102.969297625
407,13213275,2021-09-12 21:09:08,96.286832187
408,13213276,2021-09-12 21:09:25,96.983655177
409,13213277,2021-09-12 21:10:27,109.101283176
410,13213278,2021-09-12 21:10:39,116.770758805
411,13213279,2021-09-12 21:10:52,102.936720761
412,13213280,2021-09-12 21:10:57,101.051185034
413,13213281,2021-09-12 21:10:59,90.501087083
414,13213282,2021-09-12 21:11:01,90.640421938
415,13213283,2021-09-12 21:11:13,86.922418516
416,13213284,2021-09-12 21:11:32,89.505832473
417,13213285,2021-09-12 21:11:34,78.742754192
418,13213286,2021-09-12 21:12:18,87.884054333
419,13213287,2021-09-12 21:12:27,96.024402749
420,13213288,2021-09-12 21:12:56,107.150115734
421,13213289,2021-09-12 21:13:11,99.203542594
422,13213290,2021-09-12 21:13:19,88.544885528
423,13213291,2021-09-12 21:13:25,87.572457556
424,13213292,2021-09-12 21:13:28,79.336674303
425,13213293,2021-09-12 21:13:41,74.116315845
426,13213294,2021-09-12 21:13:54,81.703684973
427,13213295,2021-09-12 21:14:03,77.482302725
428,13213296,2021-09-12 21:14:25,74.154920796
429,13213297,2021-09-12 21:14:42,83.306548917
430,13213298,2021-09-12 21:14:50,73.96547653
431,13213299,2021-09-12 21:15:04,78.318282569
432,13213300,2021-09-12 21:15:09,73.737323523
433,13213301,2021-09-12 21:15:10,65.016903082
434,13213302,2021-09-12 21:15:20,73.137475808
435,13213303,2021-09-12 21:15:34,77.918010007
436,13213304,2021-09-12 21:15:40,72.490064167
437,13213305,2021-09-12 21:15:42,64.295855252
438,13213306,2021-09-12 21:15:43,56.258873346
439,13213307,2021-09-12 21:16:27,63.284077792
440,13213308,2021-09-12 21:16:55,65.575227201
441,13213309,2021-09-12 21:17:05,73.771613649
442,13213310,2021-09-12 21:17:22,82.982830158
443,13213311,2021-09-12 21:17:56,78.199883082
444,13213312,2021-09-12 21:18:06,87.962648228
445,13213313,2021-09-12 21:18:09,92.687694566
446,13213314,2021-09-12 21:18:56,104.258603905
447,13213315,2021-09-12 21:19:00,98.759528152
448,13213316,2021-09-12 21:19:07,90.945132754
449,13213317,2021-09-12 21:19:09,83.014714905
450,13213318,2021-09-12 21:19:11,79.768798737
451,13213319,2021-09-12 21:19:12,70.523244646
452,13213320,2021-09-12 21:19:38,79.328965622
453,13213321,2021-09-12 21:19:40,76.081742831
454,13213322,2021-09-12 21:20:07,70.964090452
455,13213323,2021-09-12 21:20:27,79.82260173
456,13213324,2021-09-12 21:21:00,89.795952889
457,13213325,2021-09-12 21:21:17,101.019406115
458,13213326,2021-09-12 21:21:25,92.817531937
459,13213327,2021-09-12 21:21:34,87.811446198
460,13213328,2021-09-12 21:21:39,81.888257544
461,13213329,2021-09-12 21:21:46,77.367517338
462,13213330,2021-09-12 21:21:58,85.317939321
463,13213331,2021-09-12 21:22:13,83.362497655
464,13213332,2021-09-12 21:22:43,88.38668453
465,13213333,2021-09-12 21:22:56,84.594640916
466,13213334,2021-09-12 21:22:58,74.739203271
467,13213335,2021-09-12 21:22:59,70.602551551
468,13213336,2021-09-12 21:23:09,78.958616402
469,13213337,2021-09-12 21:23:15,87.945830878
470,13213338,2021-09-12 21:23:16,78.445330789
471,13213339,2021-09-12 21:23:20,72.972493698
472,13213340,2021-09-12 21:23:33,69.231842691
473,13213341,2021-09-12 21:23:36,67.812757804
474,13213342,2021-09-12 21:23:52,72.134008252
475,13213343,2021-09-12 21:23:58,64.356872338
476,13213344,2021-09-12 21:24:52,72.394480961
477,13213345,2021-09-12 21:24:53,63.345170841
478,13213346,2021-09-12 21:25:09,60.814831628
479,13213347,2021-09-12 21:25:23,68.414458385
480,13213348,2021-09-12 21:25:33,76.956908865
481,13213349,2021-09-12 21:25:41,81.558674381
482,13213350,2021-09-12 21:25:47,77.19020071
483,13213351,2021-09-12 21:25:55,75.083048225
484,13213352,2021-09-12 21:27:10,84.459934554
485,13213353,2021-09-12 21:27:24,95.011500948
486,13213354,2021-09-12 21:27:26,96.383473355
487,13213355,2021-09-12 21:27:28,84.743512771
488,13213356,2021-09-12 21:27:43,81.638731815
489,13213357,2021-09-12 21:27:51,75.222882573
490,13213358,2021-09-12 21:28:50,84.621257103
491,13213359,2021-09-12 21:28:53,87.313329374
492,13213360,2021-09-12 21:28:56,77.265455977
493,13213361,2021-09-12 21:29:36,86.559098568
494,13213362,2021-09-12 21:29:39,82.096673359
495,13213363,2021-09-12 21:29:43,72.538795982
496,13213364,2021-09-12 21:29:57,74.72909789
497,13213365,2021-09-12 21:30:18,78.600287979
498,13213366,2021-09-12 21:30:23,73.665182223
499,13213367,2021-09-12 21:30:29,68.391766845
500,13213368,2021-09-12 21:30:38,75.715100815
501,13213369,2021-09-12 21:30:41,69.405595522
502,13213370,2021-09-12 21:30:47,63.892223231
503,13213371,2021-09-12 21:30:55,69.913428478
504,13213372,2021-09-12 21:31:01,62.304146632
505,13213373,2021-09-12 21:31:05,61.403434795
506,13213374,2021-09-12 21:31:13,60.604761854
507,13213375,2021-09-12 21:31:29,61.26914004
508,13213376,2021-09-12 21:31:35,55.161780593
509,13213377,2021-09-12 21:31:58,61.742705425
510,13213378,2021-09-12 21:32:04,68.951816639
511,13213379,2021-09-12 21:32:09,61.393223691
512,13213380,2021-09-12 21:32:22,64.438348577
513,13213381,2021-09-12 21:32:27,57.224769186
514,13213382,2021-09-12 21:32:30,59.972590537
515,13213383,2021-09-12 21:32:41,62.788694983
516,13213384,2021-09-12 21:32:50,62.078301072
517,13213385,2021-09-12 21:32:52,67.410950773
518,13213386,2021-09-12 21:33:03,65.247685052
519,13213387,2021-09-12 21:33:05,60.050519028
520,13213388,2021-09-12 21:33:31,67.516563528
521,13213389,2021-09-12 21:33:35,61.696811295
522,13213390,2021-09-12 21:33:44,68.507728464
523,13213391,2021-09-12 21:33:45,71.36769322
524,13213392,2021-09-12 21:33:57,68.576955356
525,13213393,2021-09-12 21:34:05,75.214902101
526,13213394,2021-09-12 21:34:10,66.369902968
527,13213395,2021-09-12 21:34:23,67.726237391
528,13213396,2021-09-12 21:34:39,67.103602909
529,13213397,2021-09-12 21:34:56,65.982014278
530,13213398,2021-09-12 21:34:58,67.42122332
531,13213399,2021-09-12 21:35:02,71.951686441
532,13213400,2021-09-12 21:35:17,70.139529962
533,13213401,2021-09-12 21:35:40,64.570059087
534,13213402,2021-09-12 21:35:50,72.547400629
535,13213403,2021-09-12 21:36:10,74.047046688
536,13213404,2021-09-12 21:36:23,65.515109636
537,13213405,2021-09-12 21:36:55,73.697218519
538,13213406,2021-09-12 21:37:02,73.943614114
539,13213407,2021-09-12 21:37:08,68.007585914
540,13213408,2021-09-12 21:37:10,71.848646432
541,13213409,2021-09-12 21:37:26,72.337898049
542,13213410,2021-09-12 21:37:31,75.552868519
543,13213411,2021-09-12 21:37:32,67.16427823
544,13213412,2021-09-12 21:37:53,61.278295173
545,13213413,2021-09-12 21:37:56,68.024819189
546,13213414,2021-09-12 21:38:37,76.516251571
547,13213415,2021-09-12 21:38:43,75.059217452
548,13213416,2021-09-12 21:39:03,74.831924476
549,13213417,2021-09-12 21:39:09,68.460718789
550,13213418,2021-09-12 21:39:31,72.146960647
551,13213419,2021-09-12 21:39:37,64.324955284
552,13213420,2021-09-12 21:39:44,61.922782086
553,13213421,2021-09-12 21:39:54,61.956015011
554,13213422,2021-09-12 21:40:09,60.718342933
555,13213423,2021-09-12 21:40:13,60.16576098
556,13213424,2021-09-12 21:40:24,59.494792915
557,13213425,2021-09-12 21:40:49,66.861221513
558,13213426,2021-09-12 21:40:53,59.441824925
559,13213427,2021-09-12 21:41:04,58.327850452
560,13213428,2021-09-12 21:41:07,52.156294335
561,13213429,2021-09-12 21:41:37,58.401492208
562,13213430,2021-09-12 21:41:56,65.693320507
563,13213431,2021-09-12 21:42:04,66.212365074
564,13213432,2021-09-12 21:42:26,70.404400676
565,13213433,2021-09-12 21:42:28,62.043102474
566,13213434,2021-09-12 21:42:30,55.551530078
567,13213435,2021-09-12 21:42:39,56.514679728
568,13213436,2021-09-12 21:42:46,55.781789356
569,13213437,2021-09-12 21:42:59,53.504658816
570,13213438,2021-09-12 21:43:04,53.666829207
571,13213439,2021-09-12 21:43:17,55.554868061
572,13213440,2021-09-12 21:43:43,59.0641163
573,13213441,2021-09-12 21:43:45,53.895176273
574,13213442,2021-09-12 21:43:48,47.875682871
575,13213443,2021-09-12 21:44:07,53.857089958
576,13213444,2021-09-12 21:44:08,51.096210366
577,13213445,2021-09-12 21:44:20,47.50482508
578,13213446,2021-09-12 21:44:28,53.258575448
579,13213447,2021-09-12 21:44:36,56.446800419
580,13213448,2021-09-12 21:45:01,57.165071092
581,13213449,2021-09-12 21:45:04,52.22930051
582,13213450,2021-09-12 21:45:16,54.766004079
583,13213451,2021-09-12 21:45:28,48.832977404
584,13213452,2021-09-12 21:45:47,48.864315235
585,13213453,2021-09-12 21:45:54,54.60525787
586,13213454,2021-09-12 21:46:02,49.046045366
587,13213455,2021-09-12 21:46:03,47.210918097
588,13213456,2021-09-12 21:46:16,42.855961461
589,13213457,2021-09-12 21:46:24,48.211781318
590,13213458,2021-09-12 21:46:41,45.106463698
591,13213459,2021-09-12 21:46:46,50.462098593
592,13213460,2021-09-12 21:46:51,49.849195554
593,13213461,2021-09-12 21:47:29,56.073774222
594,13213462,2021-09-12 21:47:36,62.885052914
595,13213463,2021-09-12 21:47:42,56.000763372
596,13213464,2021-09-12 21:47:47,53.176934293
597,13213465,2021-09-12 21:47:49,49.720361384
598,13213466,2021-09-12 21:47:52,46.391111173
599,13213467,2021-09-12 21:47:55,46.549816127
600,13213468,2021-09-12 21:48:00,41.485116597
601,13213469,2021-09-12 21:48:03,42.790986433
602,13213470,2021-09-12 21:48:05,38.829956414
603,13213471,2021-09-12 21:48:27,43.67927832
604,13213472,2021-09-12 21:49:05,49.136731878
605,13213473,2021-09-12 21:49:10,55.273395777
606,13213474,2021-09-12 21:49:34,61.816854286
607,13213475,2021-09-12 21:49:38,54.876188218
608,13213476,2021-09-12 21:49:42,51.849758664
609,13213477,2021-09-12 21:49:51,52.725485532
610,13213478,2021-09-12 21:49:58,47.923485575
611,13213479,2021-09-12 21:50:13,50.496490661
612,13213480,2021-09-12 21:50:17,45.69179418
613,13213481,2021-09-12 21:50:27,48.155239667
614,13213482,2021-09-12 21:50:28,42.985178367
615,13213483,2021-09-12 21:50:34,42.765242195
616,13213484,2021-09-12 21:51:15,48.10812343
617,13213485,2021-09-12 21:51:31,43.227588385
618,13213486,2021-09-12 21:51:40,48.406253227
619,13213487,2021-09-12 21:51:45,51.017590678
620,13213488,2021-09-12 21:52:00,52.391388533
621,13213489,2021-09-12 21:52:18,52.409775727
622,13213490,2021-09-12 21:52:24,46.529998546
623,13213491,2021-09-12 21:52:35,43.034471956
624,13213492,2021-09-12 21:52:38,46.659925105
625,13213493,2021-09-12 21:53:08,52.487861341
626,13213494,2021-09-12 21:53:17,58.890740947
627,13213495,2021-09-12 21:53:20,51.852793888
628,13213496,2021-09-12 21:53:24,46.947100875
629,13213497,2021-09-12 21:53:25,44.650963163
630,13213498,2021-09-12 21:53:47,50.193500209
631,13213499,2021-09-12 21:54:03,51.39503138
632,13213500,2021-09-12 21:54:26,51.085419146
633,13213501,2021-09-12 21:55:01,57.465195747
634,13213502,2021-09-12 21:55:29,60.904387148
635,13213503,2021-09-12 21:55:32,57.965657082
636,13213504,2021-09-12 21:55:45,55.925549019
637,13213505,2021-09-12 21:55:51,51.109145199
638,13213506,2021-09-12 21:55:52,47.632756511
639,13213507,2021-09-12 21:56:16,49.034592504
640,13213508,2021-09-12 21:56:33,55.158814926
641,13213509,2021-09-12 21:56:40,50.840099165
642,13213510,2021-09-12 21:57:13,57.192580147
643,13213511,2021-09-12 21:57:30,62.564670621
644,13213512,2021-09-12 21:57:50,60.971421119
645,13213513,2021-09-12 21:58:25,65.724302937
646,13213514,2021-09-12 21:58:28,60.016300036
647,13213515,2021-09-12 21:58:30,53.396459631
648,13213516,2021-09-12 21:59:14,60.070027915
649,13213517,2021-09-12 21:59:16,65.290548347
650,13213518,2021-09-12 21:59:22,59.50548312
651,13213519,2021-09-12 21:59:50,53.63050518
652,13213520,2021-09-12 21:59:58,60.332617793
653,13213521,2021-09-12 22:00:37,67.864753465
654,13213522,2021-09-12 22:01:03,66.473625518
655,13213523,2021-09-12 22:01:15,70.560501781
656,13213524,2021-09-12 22:01:20,70.069997969
657,13213525,2021-09-12 22:01:33,66.986633108
658,13213526,2021-09-12 22:01:41,64.810209488
659,13213527,2021-09-12 22:02:01,72.864140195
660,13213528,2021-09-12 22:02:35,81.940236546
661,13213529,2021-09-12 22:02:41,88.42856902
662,13213530,2021-09-12 22:03:04,97.506633388
663,13213531,2021-09-12 22:03:14,89.879752281
664,13213532,2021-09-12 22:03:20,84.41079031
665,13213533,2021-09-12 22:03:28,78.136235202
666,13213534,2021-09-12 22:03:46,75.630223241
667,13213535,2021-09-12 22:03:54,77.911279933
668,13213536,2021-09-12 22:04:00,71.616163434
669,13213537,2021-09-12 22:04:07,69.397318038
670,13213538,2021-09-12 22:04:38,77.93154104
671,13213539,2021-09-12 22:04:45,74.692275847
672,13213540,2021-09-12 22:04:49,68.89796404
673,13213541,2021-09-12 22:05:25,77.500209579
674,13213542,2021-09-12 22:05:41,87.186440877
675,13213543,2021-09-12 22:05:56,86.546166179
676,13213544,2021-09-12 22:05:57,77.149507969
677,13213545,2021-09-12 22:06:03,74.773980111
678,13213546,2021-09-12 22:06:08,71.543670643
679,13213547,2021-09-12 22:06:28,75.117361651
680,13213548,2021-09-12 22:06:40,70.555828292
681,13213549,2021-09-12 22:06:41,62.828713317
682,13213550,2021-09-12 22:06:44,70.67403684
683,13213551,2021-09-12 22:06:47,63.145327816
684,13213552,2021-09-12 22:06:49,59.956578744
685,13213553,2021-09-12 22:06:56,61.346222847
686,13213554,2021-09-12 22:07:00,54.689647473
687,13213555,2021-09-12 22:07:12,60.922745089
688,13213556,2021-09-12 22:07:19,56.791772759
689,13213557,2021-09-12 22:07:23,52.385823488
690,13213558,2021-09-12 22:07:45,58.93178399
691,13213559,2021-09-12 22:07:48,59.465409329
692,13213560,2021-09-12 22:07:51,55.149197827
693,13213561,2021-09-12 22:08:19,62.041508737
694,13213562,2021-09-12 22:08:20,58.112716754
695,13213563,2021-09-12 22:08:31,51.340919355
696,13213564,2021-09-12 22:08:59,57.751485593
697,13213565,2021-09-12 22:09:07,59.070127436
698,13213566,2021-09-12 22:09:35,66.415078877
699,13213567,2021-09-12 22:09:40,62.443935349
700,13213568,2021-09-12 22:09:54,57.643242998
701,13213569,2021-09-12 22:10:01,63.090418017
702,13213570,2021-09-12 22:10:09,58.580812202
703,13213571,2021-09-12 22:10:16,54.413046146
704,13213572,2021-09-12 22:11:09,60.841885426
705,13213573,2021-09-12 22:11:23,54.463496961
706,13213574,2021-09-12 22:11:33,60.971865109
707,13213575,2021-09-12 22:11:51,68.590260022
708,13213576,2021-09-12 22:11:52,65.274585704
709,13213577,2021-09-12 22:11:53,58.72472272
710,13213578,2021-09-12 22:12:08,61.756252442
711,13213579,2021-09-12 22:12:28,65.133051903
712,13213580,2021-09-12 22:12:31,57.588637852
713,13213581,2021-09-12 22:12:42,58.077159867
714,13213582,2021-09-12 22:12:45,51.218378445
715,13213583,2021-09-12 22:12:47,50.147475074
716,13213584,2021-09-12 22:13:02,56.245663218
717,13213585,2021-09-12 22:13:09,56.507412254
718,13213586,2021-09-12 22:13:17,54.615192334
719,13213587,2021-09-12 22:13:32,55.141347814
720,13213588,2021-09-12 22:13:50,49.50767377
721,13213589,2021-09-12 22:13:56,53.912104989
722,13213590,2021-09-12 22:14:10,53.872773413
723,13213591,2021-09-12 22:14:28,56.288211285
724,13213592,2021-09-12 22:14:37,54.34400005
725,13213593,2021-09-12 22:14:45,52.897377261
726,13213594,2021-09-12 22:14:57,53.233726115
727,13213595,2021-09-12 22:15:02,46.962188708
728,13213596,2021-09-12 22:15:06,52.826332159
729,13213597,2021-09-12 22:15:07,47.535777635
730,13213598,2021-09-12 22:15:11,41.621747707
731,13213599,2021-09-12 22:15:17,43.414839938
732,13213600,2021-09-12 22:15:32,45.820172575
733,13213601,2021-09-12 22:15:40,49.342960321
734,13213602,2021-09-12 22:16:04,48.623564782
735,13213603,2021-09-12 22:16:08,51.309402053
736,13213604,2021-09-12 22:16:17,49.041934393
737,13213605,2021-09-12 22:16:40,53.646529429
738,13213606,2021-09-12 22:16:49,48.33897517
739,13213607,2021-09-12 22:17:16,54.377643495
740,13213608,2021-09-12 22:17:41,59.540912672
741,13213609,2021-09-12 22:17:49,56.368094037
742,13213610,2021-09-12 22:17:54,49.605155128
743,13213611,2021-09-12 22:17:55,46.41034338
744,13213612,2021-09-12 22:17:58,45.061120055
745,13213613,2021-09-12 22:18:18,42.338747606
746,13213614,2021-09-12 22:18:28,47.378843543
747,13213615,2021-09-12 22:18:36,44.862878182
748,13213616,2021-09-12 22:18:39,43.55216476
749,13213617,2021-09-12 22:18:46,39.840553465
750,13213618,2021-09-12 22:18:53,41.543280287
751,13213619,2021-09-12 22:19:30,46.735495511
752,13213620,2021-09-12 22:20:07,52.575855905
753,13213621,2021-09-12 22:20:18,46.617431089
754,13213622,2021-09-12 22:20:32,52.440595437
755,13213623,2021-09-12 22:20:35,57.523040057
756,13213624,2021-09-12 22:20:37,50.785844225
757,13213625,2021-09-12 22:20:44,47.939052314
758,13213626,2021-09-12 22:21:02,42.644324757
759,13213627,2021-09-12 22:21:27,47.773918896
760,13213628,2021-09-12 22:21:59,53.745278185
761,13213629,2021-09-12 22:22:01,47.027118412
762,13213630,2021-09-12 22:22:25,52.899984388
763,13213631,2021-09-12 22:22:48,59.51188687
764,13213632,2021-09-12 22:22:52,61.007873113
765,13213633,2021-09-12 22:23:57,68.630073238
766,13213634,2021-09-12 22:24:27,77.207743462
767,13213635,2021-09-12 22:24:59,84.418677761
768,13213636,2021-09-12 22:25:05,75.963773417
769,13213637,2021-09-12 22:25:15,74.722488256
770,13213638,2021-09-12 22:25:22,66.849117153
771,13213639,2021-09-12 22:25:52,75.204761409
772,13213640,2021-09-12 22:26:04,72.491568628
773,13213641,2021-09-12 22:26:07,69.494923224
774,13213642,2021-09-12 22:26:33,74.752952481
775,13213643,2021-09-12 22:27:44,84.089083577
776,13213644,2021-09-12 22:27:56,94.59613445
777,13213645,2021-09-12 22:28:05,93.901633395
778,13213646,2021-09-12 22:28:12,91.284337744
779,13213647,2021-09-12 22:28:17,83.928761436
780,13213648,2021-09-12 22:28:23,74.832515831
781,13213649,2021-09-12 22:28:31,76.17405705
782,13213650,2021-09-12 22:28:33,66.978534362
783,13213651,2021-09-12 22:28:35,65.732586829
784,13213652,2021-09-12 22:28:58,71.038275836
785,13213653,2021-09-12 22:29:05,63.721725912
786,13213654,2021-09-12 22:29:19,67.717821546
787,13213655,2021-09-12 22:30:02,76.181395214
788,13213656,2021-09-12 22:30:13,73.217672941
789,13213657,2021-09-12 22:30:19,69.462267153
790,13213658,2021-09-12 22:30:22,64.771398634
791,13213659,2021-09-12 22:30:39,58.54734478
792,13213660,2021-09-12 22:30:43,58.817505159
793,13213661,2021-09-12 22:30:50,66.117828027
794,13213662,2021-09-12 22:31:06,63.30731221
795,13213663,2021-09-12 22:31:17,64.897304273
796,13213664,2021-09-12 22:31:20,57.434088323
797,13213665,2021-09-12 22:31:21,63.338544732
798,13213666,2021-09-12 22:31:49,71.25398114
799,13213667,2021-09-12 22:31:57,64.393871693
800,13213668,2021-09-12 22:32:01,59.984183763
801,13213669,2021-09-12 22:32:11,57.699488677
802,13213670,2021-09-12 22:32:28,64.859221567
803,13213671,2021-09-12 22:33:08,72.957471294
804,13213672,2021-09-12 22:33:26,72.715536174
805,13213673,2021-09-12 22:33:41,78.57189336
806,13213674,2021-09-12 22:33:45,70.923580855
807,13213675,2021-09-12 22:33:48,64.371968507
808,13213676,2021-09-12 22:34:05,71.076020426
809,13213677,2021-09-12 22:34:32,75.340805541
810,13213678,2021-09-12 22:34:34,65.93638949
811,13213679,2021-09-12 22:34:48,73.613857841
812,13213680,2021-09-12 22:34:54,65.835602399
813,13213681,2021-09-12 22:35:07,64.039873252
814,13213682,2021-09-12 22:35:15,58.846596554
815,13213683,2021-09-12 22:35:19,63.685808714
816,13213684,2021-09-12 22:35:46,71.00927921
817,13213685,2021-09-12 22:35:49,64.271046568
818,13213686,2021-09-12 22:35:56,60.155153384
819,13213687,2021-09-12 22:36:16,64.73783563
820,13213688,2021-09-12 22:36:22,57.469701227
821,13213689,2021-09-12 22:36:39,55.152565497
822,13213690,2021-09-12 22:37:24,62.039528856
823,13213691,2021-09-12 22:37:25,54.284587749
824,13213692,2021-09-12 22:37:27,61.068304232
825,13213693,2021-09-12 22:38:19,68.697792414
826,13213694,2021-09-12 22:38:25,76.875012773
827,13213695,2021-09-12 22:38:32,68.834479016
828,13213696,2021-09-12 22:38:56,71.427905917
829,13213697,2021-09-12 22:39:24,63.618313247
830,13213698,2021-09-12 22:39:36,71.57025708
831,13213699,2021-09-12 22:39:47,63.306353212
832,13213700,2021-09-12 22:39:50,67.44301032
833,13213701,2021-09-12 22:39:57,60.003448036
834,13213702,2021-09-12 22:40:09,66.325173807
835,13213703,2021-09-12 22:40:25,66.529972678
836,13213704,2021-09-12 22:40:50,72.585382153
837,13213705,2021-09-12 22:40:51,63.627885079
838,13213706,2021-09-12 22:40:57,57.957742836
839,13213707,2021-09-12 22:41:02,57.935957004
840,13213708,2021-09-12 22:41:20,62.32960224
841,13213709,2021-09-12 22:41:22,56.915084232
842,13213710,2021-09-12 22:41:29,53.715989914
843,13213711,2021-09-12 22:41:35,55.014351048
844,13213712,2021-09-12 22:41:55,61.817286787
845,13213713,2021-09-12 22:42:20,67.345723027
846,13213714,2021-09-12 22:42:31,63.681430263
847,13213715,2021-09-12 22:42:51,64.711341935
848,13213716,2021-09-12 22:43:00,59.981219481
849,13213717,2021-09-12 22:43:07,55.515833124
850,13213718,2021-09-12 22:43:39,62.223726116
851,13213719,2021-09-12 22:43:58,69.586366138
852,13213720,2021-09-12 22:44:02,64.822033305
853,13213721,2021-09-12 22:44:10,60.674749865
854,13213722,2021-09-12 22:44:30,64.442062269
855,13213723,2021-09-12 22:44:36,59.643307663
856,13213724,2021-09-12 22:44:42,56.13045104
857,13213725,2021-09-12 22:44:55,58.020118223
858,13213726,2021-09-12 22:45:31,65.266991511
859,13213727,2021-09-12 22:45:50,70.825344976
860,13213728,2021-09-12 22:46:05,68.846802372
861,13213729,2021-09-12 22:46:15,65.205508191
862,13213730,2021-09-12 22:46:18,59.872513234
863,13213731,2021-09-12 22:46:28,58.887201263
864,13213732,2021-09-12 22:46:58,65.648604194
865,13213733,2021-09-12 22:47:23,70.766331947
866,13213734,2021-09-12 22:47:30,67.326337502
867,13213735,2021-09-12 22:47:33,60.451459003
868,13213736,2021-09-12 22:47:36,55.500878453
869,13213737,2021-09-12 22:47:47,55.852557696
870,13213738,2021-09-12 22:47:51,55.766137965
871,13213739,2021-09-12 22:47:59,53.098702312
872,13213740,2021-09-12 22:48:01,47.596319386
873,13213741,2021-09-12 22:48:23,53.545231434
874,13213742,2021-09-12 22:48:30,55.562869299
875,13213743,2021-09-12 22:48:34,53.191915544
876,13213744,2021-09-12 22:48:37,48.372302018
877,13213745,2021-09-12 22:48:43,47.849133125
878,13213746,2021-09-12 22:48:48,44.820931354
879,13213747,2021-09-12 22:49:10,50.421775478
880,13213748,2021-09-12 22:49:23,50.30769327
881,13213749,2021-09-12 22:49:35,51.237448614
882,13213750,2021-09-12 22:49:43,52.344091337
883,13213751,2021-09-12 22:49:53,49.176187855
884,13213752,2021-09-12 22:50:10,48.818268459
885,13213753,2021-09-12 22:50:34,47.025753493
886,13213754,2021-09-12 22:50:48,52.534709889
887,13213755,2021-09-12 22:50:49,47.585040875
888,13213756,2021-09-12 22:50:51,48.852077756
889,13213757,2021-09-12 22:50:56,45.429047203
890,13213758,2021-09-12 22:51:05,44.580999104
891,13213759,2021-09-12 22:51:25,50.153110979
892,13213760,2021-09-12 22:51:26,47.036454334
893,13213761,2021-09-12 22:51:27,41.639328965
894,13213762,2021-09-12 22:51:32,43.71372686
895,13213763,2021-09-12 22:51:44,44.250175726
896,13213764,2021-09-12 22:51:55,44.983194411
897,13213765,2021-09-12 22:52:02,44.704779652
898,13213766,2021-09-12 22:52:07,41.266247304
899,13213767,2021-09-12 22:52:12,39.33902724
900,13213768,2021-09-12 22:52:15,42.464630643
901,13213769,2021-09-12 22:52:22,38.126811296
902,13213770,2021-09-12 22:52:42,42.888999039
903,13213771,2021-09-12 22:53:06,48.246767497
904,13213772,2021-09-12 22:53:21,54.276172866
905,13213773,2021-09-12 22:53:25,56.341242839
906,13213774,2021-09-12 22:53:51,57.950204125
907,13213775,2021-09-12 22:54:02,55.309762476
908,13213776,2021-09-12 22:54:36,62.219861378
909,13213777,2021-09-12 22:55:22,69.991633822
910,13213778,2021-09-12 22:55:30,78.732378031
911,13213779,2021-09-12 22:55:39,74.78873489
912,13213780,2021-09-12 22:55:41,67.850011821
913,13213781,2021-09-12 22:55:43,62.539204243
914,13213782,2021-09-12 22:56:04,68.490786114
915,13213783,2021-09-12 22:56:11,60.84191491
916,13213784,2021-09-12 22:56:12,58.329701542
917,13213785,2021-09-12 22:56:20,58.07589054
918,13213786,2021-09-12 22:56:33,52.599929097
919,13213787,2021-09-12 22:56:37,59.170400146
920,13213788,2021-09-12 22:56:54,55.878247098
921,13213789,2021-09-12 22:57:04,56.624581779
922,13213790,2021-09-12 22:57:21,60.66397893
923,13213791,2021-09-12 22:57:40,54.58794367
924,13213792,2021-09-12 22:57:53,60.384701812
925,13213793,2021-09-12 22:58:00,60.330283119
926,13213794,2021-09-12 22:58:02,53.432775142
927,13213795,2021-09-12 22:58:12,60.094691616
928,13213796,2021-09-12 22:58:15,53.823551138
929,13213797,2021-09-12 22:58:23,51.264516732
930,13213798,2021-09-12 22:58:49,57.667445473
931,13213799,2021-09-12 22:59:04,52.159539333
932,13213800,2021-09-12 22:59:19,58.673935017
933,13213801,2021-09-12 22:59:42,65.989276063
934,13213802,2021-09-12 23:00:06,60.880886113
935,13213803,2021-09-12 23:00:22,58.182016646
936,13213804,2021-09-12 23:00:26,65.447968071
937,13213805,2021-09-12 23:00:38,62.814681586
938,13213806,2021-09-12 23:00:44,63.391988871
939,13213807,2021-09-12 23:01:04,71.299319612
940,13213808,2021-09-12 23:01:10,66.257115506
941,13213809,2021-09-12 23:01:11,59.064117711
942,13213810,2021-09-12 23:01:17,57.562819077
943,13213811,2021-09-12 23:01:24,54.980193645
944,13213812,2021-09-12 23:01:25,52.952451075
945,13213813,2021-09-12 23:01:33,52.872631186
946,13213814,2021-09-12 23:01:49,56.681481651
947,13213815,2021-09-12 23:02:00,55.484308299
948,13213816,2021-09-12 23:02:01,50.173095832
949,13213817,2021-09-12 23:02:06,52.946117682
950,13213818,2021-09-12 23:02:09,47.126327301
951,13213819,2021-09-12 23:02:26,47.178354814
952,13213820,2021-09-12 23:02:36,44.108543008
953,13213821,2021-09-12 23:02:42,49.617167786
954,13213822,2021-09-12 23:02:48,53.753675074
955,13213823,2021-09-12 23:02:53,51.263738101
956,13213824,2021-09-12 23:03:00,45.762255131
957,13213825,2021-09-12 23:03:23,51.481237755
958,13213826,2021-09-12 23:03:25,49.917313258
959,13213827,2021-09-12 23:03:30,44.331888386
960,13213828,2021-09-12 23:03:39,46.788855845
961,13213829,2021-09-12 23:03:50,48.579855655
962,13213830,2021-09-12 23:03:51,42.794815847
963,13213831,2021-09-12 23:04:34,48.13737736
964,13213832,2021-09-12 23:04:38,54.149765476
965,13213833,2021-09-12 23:04:54,49.456461806
966,13213834,2021-09-12 23:05:26,55.631642198
967,13213835,2021-09-12 23:05:34,49.371598941
968,13213836,2021-09-12 23:05:44,54.947461739
969,13213837,2021-09-12 23:05:47,54.568058216
970,13213838,2021-09-12 23:06:26,61.381713811
971,13213839,2021-09-12 23:06:43,65.847985928
972,13213840,2021-09-12 23:06:52,59.422452213
973,13213841,2021-09-12 23:07:13,66.802670763
974,13213842,2021-09-12 23:07:28,68.496679052
975,13213843,2021-09-12 23:07:47,68.296157879
976,13213844,2021-09-12 23:07:56,61.520165166
977,13213845,2021-09-12 23:07:57,63.815293445
978,13213846,2021-09-12 23:08:14,66.136170866
979,13213847,2021-09-12 23:08:31,65.045315904
980,13213848,2021-09-12 23:08:35,57.698489753
981,13213849,2021-09-12 23:08:37,60.292768676
982,13213850,2021-09-12 23:08:43,54.203224025
983,13213851,2021-09-12 23:09:10,60.149975818
984,13213852,2021-09-12 23:09:42,67.218557869
985,13213853,2021-09-12 23:09:50,75.267515805
986,13213854,2021-09-12 23:09:53,66.08283452
987,13213855,2021-09-12 23:09:58,64.270880094
988,13213856,2021-09-12 23:10:15,66.157408602
989,13213857,2021-09-12 23:10:34,59.571461097
990,13213858,2021-09-12 23:10:35,61.091608498
991,13213859,2021-09-12 23:10:47,59.351839635
992,13213860,2021-09-12 23:10:49,55.284997675
993,13213861,2021-09-12 23:11:11,60.341983473
994,13213862,2021-09-12 23:11:34,55.907522962
995,13213863,2021-09-12 23:11:57,62.892104315
996,13213864,2021-09-12 23:12:03,62.301803217
997,13213865,2021-09-12 23:12:21,57.150645032
998,13213866,2021-09-12 23:12:22,60.255442923
999,13213867,2021-09-12 23:13:07,67.786176047
1000,13213868,2021-09-12 23:13:11,68.030405011
1001,13213869,2021-09-12 23:13:14,59.75305436
1002,13213870,2021-09-12 23:14:01,67.215454973
1003,13213871,2021-09-12 23:14:16,71.313315897
1004,13213872,2021-09-12 23:14:37,75.878402751
1005,13213873,2021-09-12 23:14:38,68.998380245
1006,13213874,2021-09-12 23:15:01,68.59435908
1007,13213875,2021-09-12 23:15:03,61.405562784
1008,13213876,2021-09-12 23:15:09,54.61392231
1009,13213877,2021-09-12 23:15:18,61.431754612
1010,13213878,2021-09-12 23:15:29,65.278195397
1011,13213879,2021-09-12 23:15:31,57.90073865
1012,13213880,2021-09-12 23:15:36,54.828786494
1013,13213881,2021-09-12 23:15:39,47.975188183
1014,13213882,2021-09-12 23:15:57,53.970464344
1015,13213883,2021-09-12 23:15:58,53.164405565
1016,13213884,2021-09-12 23:16:16,57.325911878
1017,13213885,2021-09-12 23:16:20,52.802768663
1018,13213886,2021-09-12 23:16:27,50.538667788
1019,13213887,2021-09-12 23:16:31,47.725880956
1020,13213888,2021-09-12 23:16:33,42.376696607
1021,13213889,2021-09-12 23:16:55,47.373813526
1022,13213890,2021-09-12 23:17:13,51.826690297
1023,13213891,2021-09-12 23:17:16,58.28874998
1024,13213892,2021-09-12 23:17:19,52.738163933
1025,13213893,2021-09-12 23:17:40,47.10646757
1026,13213894,2021-09-12 23:18:00,52.989973904
1027,13213895,2021-09-12 23:18:06,53.512572066
1028,13213896,2021-09-12 23:18:17,52.048349117
1029,13213897,2021-09-12 23:18:18,46.684796669
1030,13213898,2021-09-12 23:18:24,45.218407754
1031,13213899,2021-09-12 23:18:33,43.958262674
1032,13213900,2021-09-12 23:18:38,43.688828929
1033,13213901,2021-09-12 23:19:01,49.139326152
1034,13213902,2021-09-12 23:19:04,46.451718275
1035,13213903,2021-09-12 23:19:05,40.645253491
1036,13213904,2021-09-12 23:19:30,45.72392364
1037,13213905,2021-09-12 23:19:45,51.395609433
1038,13213906,2021-09-12 23:19:53,48.726079506
1039,13213907,2021-09-12 23:20:00,47.154493066
1040,13213908,2021-09-12 23:20:07,42.23327307
1041,13213909,2021-09-12 23:20:14,44.317289063
1042,13213910,2021-09-12 23:20:19,42.932243044
1043,13213911,2021-09-12 23:20:40,48.284616875
1044,13213912,2021-09-12 23:20:45,43.888581432
1045,13213913,2021-09-12 23:20:50,40.63699091
1046,13213914,2021-09-12 23:21:33,45.715367218
1047,13213915,2021-09-12 23:21:39,51.187992685
1048,13213916,2021-09-12 23:21:49,48.339694419
1049,13213917,2021-09-12 23:22:28,54.373753573
1050,13213918,2021-09-12 23:22:41,57.330701602
1051,13213919,2021-09-12 23:23:07,62.044132812
1052,13213920,2021-09-12 23:23:11,54.780945294
1053,13213921,2021-09-12 23:23:18,51.317167123
1054,13213922,2021-09-12 23:23:53,57.6687378
1055,13213923,2021-09-12 23:23:58,53.056667519
1056,13213924,2021-09-12 23:24:02,48.118281569
1057,13213925,2021-09-12 23:24:30,54.132514607
1058,13213926,2021-09-12 23:24:40,49.763094562
1059,13213927,2021-09-12 23:24:48,50.764041472
1060,13213928,2021-09-12 23:24:57,47.210814928
1061,13213929,2021-09-12 23:25:01,45.241666001
1062,13213930,2021-09-12 23:25:04,41.59946393
1063,13213931,2021-09-12 23:25:09,43.293545592
1064,13213932,2021-09-12 23:25:44,48.374644586
1065,13213933,2021-09-12 23:26:01,49.971347689
1066,13213934,2021-09-12 23:26:05,49.539676449
1067,13213935,2021-09-12 23:26:06,44.978442433
1068,13213936,2021-09-12 23:26:11,43.06384426
1069,13213937,2021-09-12 23:26:17,39.060761369
1070,13213938,2021-09-12 23:26:30,39.71654737
1071,13213939,2021-09-12 23:26:33,40.732874409
1072,13213940,2021-09-12 23:26:52,37.476784505
1073,13213941,2021-09-12 23:27:20,42.158177044
1074,13213942,2021-09-12 23:27:22,43.269460618
1075,13213943,2021-09-12 23:27:30,43.071766274
1076,13213944,2021-09-12 23:27:45,48.454201548
1077,13213945,2021-09-12 23:28:04,47.073736097
1078,13213946,2021-09-12 23:28:22,51.289913349
1079,13213947,2021-09-12 23:28:34,49.512745634
1080,13213948,2021-09-12 23:28:36,44.907513175
1081,13213949,2021-09-12 23:28:49,46.643778945
1082,13213950,2021-09-12 23:28:50,41.278412677
1083,13213951,2021-09-12 23:29:32,46.438165463
1084,13213952,2021-09-12 23:29:51,52.238150751
1085,13213953,2021-09-12 23:30:03,56.755638916
1086,13213954,2021-09-12 23:30:04,52.645951279
1087,13213955,2021-09-12 23:30:37,59.226648684
1088,13213956,2021-09-12 23:30:48,55.362568864
1089,13213957,2021-09-12 23:30:50,54.30887662
1090,13213958,2021-09-12 23:30:54,48.952374922
1091,13213959,2021-09-12 23:31:07,46.756752642
1092,13213960,2021-09-12 23:31:12,49.755858947
1093,13213961,2021-09-12 23:32:21,55.969247466
1094,13213962,2021-09-12 23:32:40,62.958912832
1095,13213963,2021-09-12 23:32:42,66.297164379
1096,13213964,2021-09-12 23:32:50,59.145448931
1097,13213965,2021-09-12 23:33:34,51.752267815
1098,13213966,2021-09-12 23:33:35,58.212937255
1099,13213967,2021-09-12 23:34:00,61.03341428
1100,13213968,2021-09-12 23:34:06,54.102668286
1101,13213969,2021-09-12 23:34:22,56.841335435
1102,13213970,2021-09-12 23:34:30,54.039562065
1103,13213971,2021-09-12 23:34:40,50.96198694
1104,13213972,2021-09-12 23:34:44,52.159958011
1105,13213973,2021-09-12 23:35:00,50.403821332
1106,13213974,2021-09-12 23:35:03,46.955948952
1107,13213975,2021-09-12 23:35:36,52.382737432
1108,13213976,2021-09-12 23:35:43,53.085770025
1109,13213977,2021-09-12 23:36:56,59.71878877
1110,13213978,2021-09-12 23:37:13,66.669297951
1111,13213979,2021-09-12 23:37:17,66.372502349
1112,13213980,2021-09-12 23:37:34,62.184838275
1113,13213981,2021-09-12 23:37:42,65.841763305
1114,13213982,2021-09-12 23:37:46,57.830459623
1115,13213983,2021-09-12 23:37:57,57.957841812
1116,13213984,2021-09-12 23:37:58,51.365655546
1117,13213985,2021-09-12 23:38:36,54.546136464
1118,13213986,2021-09-12 23:38:50,61.259657219
1119,13213987,2021-09-12 23:38:54,56.770537797
1120,13213988,2021-09-12 23:38:56,51.08607357
1121,13213989,2021-09-12 23:38:57,47.814526528
1122,13213990,2021-09-12 23:39:29,53.785058479
1123,13213991,2021-09-12 23:39:46,50.365280756
1124,13213992,2021-09-12 23:39:49,47.609107191
1125,13213993,2021-09-12 23:39:51,48.74798475
1126,13213994,2021-09-12 23:40:03,47.451601968
1127,13213995,2021-09-12 23:40:37,51.979182729
1128,13213996,2021-09-12 23:40:54,55.744486719
1129,13213997,2021-09-12 23:41:19,57.739442799
1130,13213998,2021-09-12 23:41:46,59.992591272
1131,13213999,2021-09-12 23:42:18,64.922224991
1132,13214000,2021-09-12 23:42:23,59.347594285
1133,13214001,2021-09-12 23:42:26,53.394421277
1134,13214002,2021-09-12 23:42:32,50.216375534
1135,13214003,2021-09-12 23:42:54,49.672271742
1136,13214004,2021-09-12 23:42:56,47.284678796
1137,13214005,2021-09-12 23:43:06,52.867303023
1138,13214006,2021-09-12 23:43:23,48.052075734
1139,13214007,2021-09-12 23:43:29,48.516482191
1140,13214008,2021-09-12 23:43:36,45.492459792
1141,13214009,2021-09-12 23:43:41,45.403301016
1142,13214010,2021-09-12 23:43:49,43.445723315
1143,13214011,2021-09-12 23:44:09,45.701941487
1144,13214012,2021-09-12 23:44:10,41.674206152
1145,13214013,2021-09-12 23:44:24,42.56064673
1146,13214014,2021-09-12 23:44:32,42.07271729
1147,13214015,2021-09-12 23:44:35,38.965205242
1148,13214016,2021-09-12 23:45:01,43.834172275
1149,13214017,2021-09-12 23:45:29,49.307511219
1150,13214018,2021-09-12 23:45:43,53.717913189
1151,13214019,2021-09-12 23:45:59,53.896022092
1152,13214020,2021-09-12 23:46:14,52.248524447
1153,13214021,2021-09-12 23:46:19,48.324449961
1154,13214022,2021-09-12 23:46:27,42.945226298
1155,13214023,2021-09-12 23:46:39,48.021092943
1156,13214024,2021-09-12 23:46:51,43.053272442
1157,13214025,2021-09-12 23:47:07,42.687972765
1158,13214026,2021-09-12 23:47:38,48.022877613
1159,13214027,2021-09-12 23:47:42,52.135271436
1160,13214028,2021-09-12 23:47:57,45.825282994
1161,13214029,2021-09-12 23:48:30,51.279005224
1162,13214030,2021-09-12 23:49:31,57.189331556
1163,13214031,2021-09-12 23:49:37,64.330563119
1164,13214032,2021-09-12 23:49:44,65.861943428
1165,13214033,2021-09-12 23:50:02,58.076079404
1166,13214034,2021-09-12 23:50:24,62.261348128
1167,13214035,2021-09-12 23:50:29,56.604216682
1168,13214036,2021-09-12 23:51:00,63.675515075
1169,13214037,2021-09-12 23:51:02,58.93768706
1170,13214038,2021-09-12 23:51:11,55.758491995
1171,13214039,2021-09-12 23:51:19,55.702770211
1172,13214040,2021-09-12 23:51:21,49.853011968
1173,13214041,2021-09-12 23:51:25,49.402152961
1174,13214042,2021-09-12 23:51:56,55.345687697
1175,13214043,2021-09-12 23:52:22,57.944670918
1176,13214044,2021-09-12 23:52:42,58.835367344
1177,13214045,2021-09-12 23:52:44,53.002979803
1178,13214046,2021-09-12 23:52:57,54.249356919
1179,13214047,2021-09-12 23:53:01,47.834420578
1180,13214048,2021-09-12 23:53:17,53.526438546
1181,13214049,2021-09-12 23:53:39,54.108794599
1182,13214050,2021-09-12 23:53:58,51.384185025
1183,13214051,2021-09-12 23:54:34,57.802096283
1184,13214052,2021-09-12 23:54:44,61.598923314
1185,13214053,2021-09-12 23:55:06,58.911785783
1186,13214054,2021-09-12 23:55:12,53.609978875
1187,13214055,2021-09-12 23:55:42,60.301857443
1188,13214056,2021-09-12 23:55:44,54.665470969
1189,13214057,2021-09-12 23:56:09,54.409697153
1190,13214058,2021-09-12 23:56:17,52.859156809
1191,13214059,2021-09-12 23:56:43,48.549902844
1192,13214060,2021-09-12 23:56:53,54.588727486
1193,13214061,2021-09-12 23:56:54,53.741509526
1194,13214062,2021-09-12 23:57:02,49.173992209
1195,13214063,2021-09-12 23:57:06,43.939726437
1196,13214064,2021-09-12 23:57:18,42.288260241
1197,13214065,2021-09-12 23:57:37,47.57401543
1198,13214066,2021-09-12 23:58:25,53.519221203
1199,13214067,2021-09-12 23:58:29,58.323557843
1200,13214068,2021-09-12 23:58:30,52.256187283
1201,13214069,2021-09-12 23:58:49,53.224780971
1202,13214070,2021-09-12 23:58:55,46.893677751
1203,13214071,2021-09-12 23:59:03,41.031968033
1204,13214072,2021-09-12 23:59:16,46.154252232
1205,13214073,2021-09-12 23:59:27,48.523625254
1206,13214074,2021-09-12 23:59:31,47.355235395
1207,13214075,2021-09-12 23:59:36,45.152160533
1208,13214076,2021-09-12 23:59:46,41.703237368
1209,13214077,2021-09-13 00:00:15,46.91393469
1210,13214078,2021-09-13 00:00:33,52.77722471
1211,13214079,2021-09-13 00:00:34,51.740150127
1212,13214080,2021-09-13 00:00:46,50.642204565
1213,13214081,2021-09-13 00:00:57,49.787984941
1214,13214082,2021-09-13 00:00:58,44.372910516
1215,13214083,2021-09-13 00:01:17,48.125137614
1216,13214084,2021-09-13 00:02:19,54.138767382
1217,13214085,2021-09-13 00:02:23,60.905337315
1218,13214086,2021-09-13 00:02:28,61.148525728
1219,13214087,2021-09-13 00:02:47,55.576692957
