,Unnamed: 0,Unnamed: 0.1,txid,to_account,TOKEN_ID,current_owner,rank,time
800,5954,5954,0x531139a67f33dcb137694df0e140291a454cdb51422531f914f2bea3eddbf8f0,0x371f8c6b67b6039b0a6b29279ce183d069908226,801,0x0000000000000000000000000000000000000000,722,2021-09-12T02:44:02
801,5951,5951,0x531139a67f33dcb137694df0e140291a454cdb51422531f914f2bea3eddbf8f0,0xe6518b0bcc23d9829ee99122e23cf610e681175b,802,0x0000000000000000000000000000000000000000,8283,2021-09-12T02:44:02
802,5955,5955,0x531139a67f33dcb137694df0e140291a454cdb51422531f914f2bea3eddbf8f0,0xc2bd8127d779fad560081827db0483af4ade1bd0,803,0x0000000000000000000000000000000000000000,5924,2021-09-12T02:44:02
803,5950,5950,0x531139a67f33dcb137694df0e140291a454cdb51422531f914f2bea3eddbf8f0,0x64c480274ef983a0178334f9c0395cd392724a32,804,0x0000000000000000000000000000000000000000,5728,2021-09-12T02:44:02
804,5944,5944,0x531139a67f33dcb137694df0e140291a454cdb51422531f914f2bea3eddbf8f0,0xfb222b26dc55a965af3b5a358efd87cb878c3eab,805,0x0000000000000000000000000000000000000000,5268,2021-09-12T02:44:02
805,5953,5953,0x531139a67f33dcb137694df0e140291a454cdb51422531f914f2bea3eddbf8f0,0xdd929b7f2ad5b351cf8d1746b6ab2aadd0fc3ca2,806,0x0000000000000000000000000000000000000000,1769,2021-09-12T02:44:02
806,5949,5949,0x531139a67f33dcb137694df0e140291a454cdb51422531f914f2bea3eddbf8f0,0x722ebc16b5538377a4859afd79489c36c1f1e3cb,807,0x0000000000000000000000000000000000000000,4127,2021-09-12T02:44:02
807,5946,5946,0x531139a67f33dcb137694df0e140291a454cdb51422531f914f2bea3eddbf8f0,0x38bbf749084c462b2469811e0e74fcb030a75648,808,0x0000000000000000000000000000000000000000,5594,2021-09-12T02:44:02
808,5945,5945,0x531139a67f33dcb137694df0e140291a454cdb51422531f914f2bea3eddbf8f0,0x5d6c52ee56c61a14f048826dc2478ded60bb3a19,809,0x0000000000000000000000000000000000000000,1479,2021-09-12T02:44:02
809,5948,5948,0x531139a67f33dcb137694df0e140291a454cdb51422531f914f2bea3eddbf8f0,0x119334c3f45a0764a51f34fb761d5a2d874d66a3,810,0x0000000000000000000000000000000000000000,8712,2021-09-12T02:44:02
810,5947,5947,0x531139a67f33dcb137694df0e140291a454cdb51422531f914f2bea3eddbf8f0,0x0922d8ffded4393a3222b32408649d038ce1d4ec,811,0x0000000000000000000000000000000000000000,881,2021-09-12T02:44:02
811,5952,5952,0x531139a67f33dcb137694df0e140291a454cdb51422531f914f2bea3eddbf8f0,0x272c38ad4acc6bd6f4fcb2ca1bd81b85857f0447,812,0x0000000000000000000000000000000000000000,3286,2021-09-12T02:44:02
8812,3295,3295,0x9e9fa0d76df2b228036027e0c5929c9bbe2c883e69f0b901bc86e58da6c94965,0x13da7c5866f092422bb874949e6d6372c8d68681,8813,0x0000000000000000000000000000000000000000,1729,2021-09-13T03:49:50
8813,3300,3300,0x9e9fa0d76df2b228036027e0c5929c9bbe2c883e69f0b901bc86e58da6c94965,0x2f1e4b9644a9ee9ec5a786d8aa8e900ad2085058,8814,0x0000000000000000000000000000000000000000,1069,2021-09-13T03:49:50
8814,3296,3296,0x9e9fa0d76df2b228036027e0c5929c9bbe2c883e69f0b901bc86e58da6c94965,0x8dfaf43f04fea40494c1ca5831069e340bf9b20c,8815,0x0000000000000000000000000000000000000000,1859,2021-09-13T03:49:50
8815,3297,3297,0x9e9fa0d76df2b228036027e0c5929c9bbe2c883e69f0b901bc86e58da6c94965,0x51be53168f163143929cd80d0e4c690532a38c00,8816,0x0000000000000000000000000000000000000000,721,2021-09-13T03:49:50
8816,3298,3298,0x9e9fa0d76df2b228036027e0c5929c9bbe2c883e69f0b901bc86e58da6c94965,0x1bb5e783e84450092739c073208e4b7d7b4c6e3e,8817,0x0000000000000000000000000000000000000000,5801,2021-09-13T03:49:50
8817,3301,3301,0x9e9fa0d76df2b228036027e0c5929c9bbe2c883e69f0b901bc86e58da6c94965,0x6e724558c96754e79f2f53df52419e39297fbe3b,8818,0x0000000000000000000000000000000000000000,2679,2021-09-13T03:49:50
8818,3303,3303,0x9e9fa0d76df2b228036027e0c5929c9bbe2c883e69f0b901bc86e58da6c94965,0x7276f829a62f7bb9eacdbce5cb698e19ed9b89b2,8819,0x0000000000000000000000000000000000000000,3082,2021-09-13T03:49:50
8819,3309,3309,0x9e9fa0d76df2b228036027e0c5929c9bbe2c883e69f0b901bc86e58da6c94965,0x5166450b62f80e06bde29e824e0f86782f52d2ff,8820,0x0000000000000000000000000000000000000000,4780,2021-09-13T03:49:50
8820,3313,3313,0x9e9fa0d76df2b228036027e0c5929c9bbe2c883e69f0b901bc86e58da6c94965,0x7f23578014431df0a3ca7770d6768b610fd2bbc8,8821,0x0000000000000000000000000000000000000000,8277,2021-09-13T03:49:50
8821,3314,3314,0x9e9fa0d76df2b228036027e0c5929c9bbe2c883e69f0b901bc86e58da6c94965,0x4bd2ba8c1894d6a6ad62ec933ad232f18200465f,8822,0x0000000000000000000000000000000000000000,6127,2021-09-13T03:49:50
8822,3315,3315,0x9e9fa0d76df2b228036027e0c5929c9bbe2c883e69f0b901bc86e58da6c94965,0xe38dd3819a09570335330a0cdb1955233f955096,8823,0x0000000000000000000000000000000000000000,6869,2021-09-13T03:49:50
8823,3294,3294,0x9e9fa0d76df2b228036027e0c5929c9bbe2c883e69f0b901bc86e58da6c94965,0x4f00228d9d403575cc38a0cf531317f66aee0e5f,8824,0x0000000000000000000000000000000000000000,3414,2021-09-13T03:49:50
8824,3293,3293,0x9e9fa0d76df2b228036027e0c5929c9bbe2c883e69f0b901bc86e58da6c94965,0x51be53168f163143929cd80d0e4c690532a38c00,8825,0x0000000000000000000000000000000000000000,4936,2021-09-13T03:49:50
8825,3316,3316,0x9e9fa0d76df2b228036027e0c5929c9bbe2c883e69f0b901bc86e58da6c94965,0xd8891897f4b87af7a79b116ed170d976c7646fcc,8826,0x0000000000000000000000000000000000000000,4894,2021-09-13T03:49:50
8826,3312,3312,0x9e9fa0d76df2b228036027e0c5929c9bbe2c883e69f0b901bc86e58da6c94965,0x8c39d2341195e9bce77e12f82cffabfbdadf0c28,8827,0x0000000000000000000000000000000000000000,2509,2021-09-13T03:49:50
8827,3311,3311,0x9e9fa0d76df2b228036027e0c5929c9bbe2c883e69f0b901bc86e58da6c94965,0x13237809a2fe4d0077c77cc02bfd9321d153fa26,8828,0x0000000000000000000000000000000000000000,2899,2021-09-13T03:49:50
8828,3310,3310,0x9e9fa0d76df2b228036027e0c5929c9bbe2c883e69f0b901bc86e58da6c94965,0x0b0c18ad42c21483801e951edaa615991318164d,8829,0x0000000000000000000000000000000000000000,8549,2021-09-13T03:49:50
8829,3308,3308,0x9e9fa0d76df2b228036027e0c5929c9bbe2c883e69f0b901bc86e58da6c94965,0x13e1a63a957da3de87446b02b96e8ea781cfd211,8830,0x0000000000000000000000000000000000000000,8572,2021-09-13T03:49:50
8830,3307,3307,0x9e9fa0d76df2b228036027e0c5929c9bbe2c883e69f0b901bc86e58da6c94965,0xb5c0a35f28cf8066f115a7986bbe7ec6e7c6ea12,8831,0x0000000000000000000000000000000000000000,2194,2021-09-13T03:49:50
8831,3306,3306,0x9e9fa0d76df2b228036027e0c5929c9bbe2c883e69f0b901bc86e58da6c94965,0x241ce852af5192ff58984f21a982075fa1401139,8832,0x0000000000000000000000000000000000000000,1848,2021-09-13T03:49:50
8832,3305,3305,0x9e9fa0d76df2b228036027e0c5929c9bbe2c883e69f0b901bc86e58da6c94965,0xc53c32b1784a6c552ea8a28d9f921902e83ff2b4,8833,0x0000000000000000000000000000000000000000,3035,2021-09-13T03:49:50
8833,3304,3304,0x9e9fa0d76df2b228036027e0c5929c9bbe2c883e69f0b901bc86e58da6c94965,0xdbd221545246cfd355a1fc25384bd2b459f6b2c7,8834,0x0000000000000000000000000000000000000000,4889,2021-09-13T03:49:50
8834,3302,3302,0x9e9fa0d76df2b228036027e0c5929c9bbe2c883e69f0b901bc86e58da6c94965,0xea31dfcda4dbef4504e741a37893ea0ce6a39057,8835,0x0000000000000000000000000000000000000000,7738,2021-09-13T03:49:50
8835,3299,3299,0x9e9fa0d76df2b228036027e0c5929c9bbe2c883e69f0b901bc86e58da6c94965,0x4e60c2e7181edfc5471c0cbc8d485706d1b35686,8836,0x0000000000000000000000000000000000000000,7061,2021-09-13T03:49:50
8836,2435,2435,0xb75beb87d10c67bb50f1b3b95dfbb10c1d8861d73a711414963d81ce2d8c6faa,0xbcfd5dbec5f49230210e0be85cee183097e840aa,8837,0x0000000000000000000000000000000000000000,2103,2021-09-13T21:28:27
8837,2437,2437,0xb75beb87d10c67bb50f1b3b95dfbb10c1d8861d73a711414963d81ce2d8c6faa,0x32cc2ec897f21a77a704e9a7313af6a640c47bb5,8838,0x0000000000000000000000000000000000000000,1899,2021-09-13T21:28:27
8838,2449,2449,0xb75beb87d10c67bb50f1b3b95dfbb10c1d8861d73a711414963d81ce2d8c6faa,0xe1d29d0a39962a9a8d2a297ebe82e166f8b8ec18,8839,0x0000000000000000000000000000000000000000,1918,2021-09-13T21:28:27
8839,2452,2452,0xb75beb87d10c67bb50f1b3b95dfbb10c1d8861d73a711414963d81ce2d8c6faa,0x9f7d232a95180ad2fba91ae46d241142c5d83a5e,8840,0x0000000000000000000000000000000000000000,2854,2021-09-13T21:28:27
8840,2443,2443,0xb75beb87d10c67bb50f1b3b95dfbb10c1d8861d73a711414963d81ce2d8c6faa,0xf6bd40d49d47a553483c316a02af623b9fe4fe11,8841,0x0000000000000000000000000000000000000000,2313,2021-09-13T21:28:27
8841,2445,2445,0xb75beb87d10c67bb50f1b3b95dfbb10c1d8861d73a711414963d81ce2d8c6faa,0x61b8258951290380115448c569cc7f98931f8465,8842,0x0000000000000000000000000000000000000000,5643,2021-09-13T21:28:27
8842,2436,2436,0xb75beb87d10c67bb50f1b3b95dfbb10c1d8861d73a711414963d81ce2d8c6faa,0x8e973de1f72ebb350c050f53abf1228934984554,8843,0x0000000000000000000000000000000000000000,1196,2021-09-13T21:28:27
8843,2442,2442,0xb75beb87d10c67bb50f1b3b95dfbb10c1d8861d73a711414963d81ce2d8c6faa,0x4026949c068a96604d09077a6f0a1d1d0dbf1cd0,8844,0x0000000000000000000000000000000000000000,5996,2021-09-13T21:28:27
8844,2432,2432,0xb75beb87d10c67bb50f1b3b95dfbb10c1d8861d73a711414963d81ce2d8c6faa,0x2e1ad3cce461e413aa2293a0a0dd180681114407,8845,0x0000000000000000000000000000000000000000,1865,2021-09-13T21:28:27
8845,2441,2441,0xb75beb87d10c67bb50f1b3b95dfbb10c1d8861d73a711414963d81ce2d8c6faa,0x841a0ef611267a3e2700f5747b2d43b4e6f28a57,8846,0x0000000000000000000000000000000000000000,414,2021-09-13T21:28:27
8846,2444,2444,0xb75beb87d10c67bb50f1b3b95dfbb10c1d8861d73a711414963d81ce2d8c6faa,0xa0fb66c8e88a3643541be0c4fc68922d6bf00ade,8847,0x0000000000000000000000000000000000000000,7682,2021-09-13T21:28:27
8847,2447,2447,0xb75beb87d10c67bb50f1b3b95dfbb10c1d8861d73a711414963d81ce2d8c6faa,0x07921846b663d510da925e1af5432d4cfe681412,8848,0x0000000000000000000000000000000000000000,716,2021-09-13T21:28:27
8848,2448,2448,0xb75beb87d10c67bb50f1b3b95dfbb10c1d8861d73a711414963d81ce2d8c6faa,0xbefc26b9751aec727c8fc24a7884d9fb7caad928,8849,0x0000000000000000000000000000000000000000,3826,2021-09-13T21:28:27
8849,2450,2450,0xb75beb87d10c67bb50f1b3b95dfbb10c1d8861d73a711414963d81ce2d8c6faa,0x3467b971a92389be7fe77c556d7c8fa15dd55e1a,8850,0x0000000000000000000000000000000000000000,4674,2021-09-13T21:28:27
8850,2433,2433,0xb75beb87d10c67bb50f1b3b95dfbb10c1d8861d73a711414963d81ce2d8c6faa,0x8952957a2fd807e982d90087a8889071df313a36,8851,0x0000000000000000000000000000000000000000,3157,2021-09-13T21:28:27
8851,2453,2453,0xb75beb87d10c67bb50f1b3b95dfbb10c1d8861d73a711414963d81ce2d8c6faa,0x0a2542a170aa02b96b588aa3af8b09ab22a9d7ac,8852,0x0000000000000000000000000000000000000000,6221,2021-09-13T21:28:27
8852,2446,2446,0xb75beb87d10c67bb50f1b3b95dfbb10c1d8861d73a711414963d81ce2d8c6faa,0xaf469c4a0914938e6149cf621c54fb4b1ec0c202,8853,0x0000000000000000000000000000000000000000,1673,2021-09-13T21:28:27
8853,2434,2434,0xb75beb87d10c67bb50f1b3b95dfbb10c1d8861d73a711414963d81ce2d8c6faa,0xd8891897f4b87af7a79b116ed170d976c7646fcc,8854,0x0000000000000000000000000000000000000000,2319,2021-09-13T21:28:27
8854,2451,2451,0xb75beb87d10c67bb50f1b3b95dfbb10c1d8861d73a711414963d81ce2d8c6faa,0x8c39d2341195e9bce77e12f82cffabfbdadf0c28,8855,0x0000000000000000000000000000000000000000,3174,2021-09-13T21:28:27
8855,2440,2440,0xb75beb87d10c67bb50f1b3b95dfbb10c1d8861d73a711414963d81ce2d8c6faa,0x29bf6652e795c360f7605be0fcd8b8e4f29a52d4,8856,0x0000000000000000000000000000000000000000,8205,2021-09-13T21:28:27
8856,2438,2438,0xb75beb87d10c67bb50f1b3b95dfbb10c1d8861d73a711414963d81ce2d8c6faa,0xdc70474783b2e16ab40ee656a7f8d9ee237e50ec,8857,0x0000000000000000000000000000000000000000,8837,2021-09-13T21:28:27
8857,2439,2439,0xb75beb87d10c67bb50f1b3b95dfbb10c1d8861d73a711414963d81ce2d8c6faa,0x98ff8c0e1effbc70b23de702f415ec1e5ed76d42,8858,0x0000000000000000000000000000000000000000,5850,2021-09-13T21:28:27
8858,7562,7562,0x26c71e9e1be41e3059c2c9b9629447e39a0c4fd0d8f8e79db373490718388e9b,0x6d933304bb548f0af0c54f225abe0277fb1b790e,8859,0x0000000000000000000000000000000000000000,2693,2021-09-13T23:04:47
8859,7561,7561,0x26c71e9e1be41e3059c2c9b9629447e39a0c4fd0d8f8e79db373490718388e9b,0x8f291846d0504cc3fe3813b7a13c27065b4c81e8,8860,0x0000000000000000000000000000000000000000,3940,2021-09-13T23:04:47
8860,7613,7613,0x253fc494f3b597d6396272253f7db8f606f386fe78fa2eca3c15656ec17669c7,0x8293fdc6648dcd00b9194dfa0ab731b51e294f66,8861,0x0000000000000000000000000000000000000000,167,2021-09-14T00:28:21
8861,7615,7615,0x253fc494f3b597d6396272253f7db8f606f386fe78fa2eca3c15656ec17669c7,0x8293fdc6648dcd00b9194dfa0ab731b51e294f66,8862,0x0000000000000000000000000000000000000000,4437,2021-09-14T00:28:21
8862,7614,7614,0x253fc494f3b597d6396272253f7db8f606f386fe78fa2eca3c15656ec17669c7,0xcaba2231bc28f0fce76fea1f97e4c9225899b4ee,8863,0x0000000000000000000000000000000000000000,955,2021-09-14T00:28:21
8863,8010,8010,0x1a7cb2322a0ebbc4e14dcef73df9b5c4e1f525e99e211553576590a51de89784,0xcab81125510fc358ed39d479cf60e9ea09caa576,8864,0x0000000000000000000000000000000000000000,8198,2021-09-14T02:07:53
8864,7475,7475,0x292ef35b24d8b75ef2e34b42f20c3abbe403be1ea944a1b88dcbd4c6259e8cb7,0xf2983bca76cf36832d410ffb2930a62178a783de,8865,0x0000000000000000000000000000000000000000,1447,2021-09-14T03:17:38
8865,3352,3352,0x9dc4b3566413981b7be85676907e7e56c7ae5a89cc920590787cc0c97028929b,0x174d079fef57ba232c7f3c942f8e12d91937a223,8866,0x0000000000000000000000000000000000000000,664,2021-09-14T14:21:26
8866,4654,4654,0x78768ab641be9d8e86e36bc6b457e0116f9cf5aefc279b28839f706ba623c5c7,0xea30db5b8b18de6e2ab1d37fe470be43bdb3cbb6,8867,0x0000000000000000000000000000000000000000,741,2021-09-15T01:27:10
8867,4583,4583,0x7ada47966b5970237d97eef7697096fa6f4e9fc89c5a374b357c4fb8138e7927,0x59ddaa6b572b00f3834e24d893ae68d820654060,8868,0x0000000000000000000000000000000000000000,53,2021-09-15T21:52:32
8868,4582,4582,0x7ada47966b5970237d97eef7697096fa6f4e9fc89c5a374b357c4fb8138e7927,0x59ddaa6b572b00f3834e24d893ae68d820654060,8868,0x0000000000000000000000000000000000000000,53,2021-09-15T21:52:32
8869,2656,2656,0xb0819a42b0961da8065249bc1407085fad543dcc0a71b49c652b7bca7bf56201,0x6c18c49e5aa87cb4bd28e900816d3d9a60433a90,8870,0x0000000000000000000000000000000000000000,240,2021-09-16T23:04:39
8870,2658,2658,0xb0819a42b0961da8065249bc1407085fad543dcc0a71b49c652b7bca7bf56201,0x6cf38f1f2dd42d33caed37ced368fafa76a09efb,8871,0x0000000000000000000000000000000000000000,3565,2021-09-16T23:04:39
8871,2659,2659,0xb0819a42b0961da8065249bc1407085fad543dcc0a71b49c652b7bca7bf56201,0xe285c1849e7da9aa87c837ce8ff180411b831a82,8872,0x0000000000000000000000000000000000000000,6478,2021-09-16T23:04:39
8872,2660,2660,0xb0819a42b0961da8065249bc1407085fad543dcc0a71b49c652b7bca7bf56201,0xb29976fc13f919128470b32df5371c7750fc9667,8873,0x0000000000000000000000000000000000000000,5678,2021-09-16T23:04:39
8873,2655,2655,0xb0819a42b0961da8065249bc1407085fad543dcc0a71b49c652b7bca7bf56201,0x7953152d3f955831411f23eac9b8f97b584a7ef6,8874,0x0000000000000000000000000000000000000000,1655,2021-09-16T23:04:39
8874,2661,2661,0xb0819a42b0961da8065249bc1407085fad543dcc0a71b49c652b7bca7bf56201,0x9d9b3d24b91309d6d73c6c73d785f72dac50e7d7,8875,0x0000000000000000000000000000000000000000,891,2021-09-16T23:04:39
8875,2657,2657,0xb0819a42b0961da8065249bc1407085fad543dcc0a71b49c652b7bca7bf56201,0x631bf3ab4541a8eb52253aaae2b8e5edc619c8a5,8876,0x0000000000000000000000000000000000000000,1983,2021-09-16T23:04:39
8876,6280,6280,0x490ddbcc4b8e1212f8f785f089d703f2e0097e4b148e564aeded9be741ce1579,0x3d5474d3317fca72716b1ad6ed43b6aaca7d51aa,8877,0x0000000000000000000000000000000000000000,3352,2021-09-17T00:09:48
8877,4714,4714,0x7609ab865fd7db2749a28d252656cc5df4cae139a9b02e11af6c151b23cb8310,0x83720db3c5675ec1cf50471b7a6d3715e4a93693,8878,0x0000000000000000000000000000000000000000,5266,2021-09-17T03:28:30
8878,4713,4713,0x7609ab865fd7db2749a28d252656cc5df4cae139a9b02e11af6c151b23cb8310,0x0baad65609721980e89de74c1061c0800f4aad13,8879,0x0000000000000000000000000000000000000000,690,2021-09-17T03:28:30
8879,8672,8672,0x06d45a30a3be28f9dba6903ab3227eadf06b9850cf06a405b3246704bdce395f,0x13c02ef48678f546c2d9fb647a051b14b15c57a4,8880,0x0000000000000000000000000000000000000000,7115,2021-09-18T12:13:18
8880,4217,4217,0x83f2376ef54675d1b655f2f33f3a3d59f536ace4b524db5c02843d1aefa1dbf8,0xdcf7b7da5ac4f1b0e1a28935c523e9929c9134fc,8881,0x0000000000000000000000000000000000000000,4442,2021-09-23T20:46:24
8881,4224,4224,0x83f2376ef54675d1b655f2f33f3a3d59f536ace4b524db5c02843d1aefa1dbf8,0xdcf7b7da5ac4f1b0e1a28935c523e9929c9134fc,8882,0x0000000000000000000000000000000000000000,38,2021-09-23T20:46:24
8882,4221,4221,0x83f2376ef54675d1b655f2f33f3a3d59f536ace4b524db5c02843d1aefa1dbf8,0xdcf7b7da5ac4f1b0e1a28935c523e9929c9134fc,8883,0x0000000000000000000000000000000000000000,7963,2021-09-23T20:46:24
8883,4223,4223,0x83f2376ef54675d1b655f2f33f3a3d59f536ace4b524db5c02843d1aefa1dbf8,0xdcf7b7da5ac4f1b0e1a28935c523e9929c9134fc,8884,0x0000000000000000000000000000000000000000,6253,2021-09-23T20:46:24
8884,4222,4222,0x83f2376ef54675d1b655f2f33f3a3d59f536ace4b524db5c02843d1aefa1dbf8,0xdcf7b7da5ac4f1b0e1a28935c523e9929c9134fc,8885,0x0000000000000000000000000000000000000000,2038,2021-09-23T20:46:24
8885,4219,4219,0x83f2376ef54675d1b655f2f33f3a3d59f536ace4b524db5c02843d1aefa1dbf8,0xdcf7b7da5ac4f1b0e1a28935c523e9929c9134fc,8886,0x0000000000000000000000000000000000000000,3476,2021-09-23T20:46:24
8886,4218,4218,0x83f2376ef54675d1b655f2f33f3a3d59f536ace4b524db5c02843d1aefa1dbf8,0xdcf7b7da5ac4f1b0e1a28935c523e9929c9134fc,8887,0x0000000000000000000000000000000000000000,6770,2021-09-23T20:46:24
8887,4220,4220,0x83f2376ef54675d1b655f2f33f3a3d59f536ace4b524db5c02843d1aefa1dbf8,0xdcf7b7da5ac4f1b0e1a28935c523e9929c9134fc,8888,0x0000000000000000000000000000000000000000,7936,2021-09-23T20:46:24
