Discord Username,ETH Address,Max Mint,Addresses
23plus33equals6,0x681B21B6de5660A7Fde45b47891cFAe085CFe5E7,22,0x6377fa89e6063bf89c59617229b8c6ee8E148F7e
ami#8474,0x59D7812b5DC5B368501fb43F46442c3c5fB21762,22,0xF98c3c402f9db363d92E9bB15afaBfb9c0290114
puppyold#9299,0xD91DC7c83bd01b91Cb25019DFc4E35BC6FaaB814,22,0x4E0843E8dAa53406121588feeBf0CDe0f1fCefc1
Har #8608,0x0f94325DCc0e118fb3454Bceff6bcd814aD2b58f,22,0x681B21B6de5660A7Fde45b47891cFAe085CFe5E7
London Munch#7856,0x88DE3dfB4b5D2990d014c525A43CbD38864c9d50,3,0x59D7812b5DC5B368501fb43F46442c3c5fB21762
TurtleRat,0x17d6e3b842f882db28c90566f26245ae51ee5727,22,0xD91DC7c83bd01b91Cb25019DFc4E35BC6FaaB814
Wild Alee#6555,0xEc3BaC4DdAfE395eA7c1043548D73cF9DFE7177C,3,0x0f94325DCc0e118fb3454Bceff6bcd814aD2b58f
LiverpoolFan128#6915,0xF9382a78eD5E3Da4E64A4ae840a7995b2213585F,3,0x17D6E3B842f882Db28C90566f26245AE51Ee5727
turtle#8856,0x505C596a88D8cD340FF1e3E61429B570DA4C71c9,3,0x61fAE2d53Ce42D87a089753c55C2d26309F0A89f
HomebodyOddity#3249,0x2cCC5e98E7Ce96321752beB10eB3f8b8af5EFcf7,3,0x64932F86d69F2717307F41b4c6b8198000583c63
kgun#1199,0x65BF731F6e78db753372c287B4ad83F0761F2caA,3,0x0bAe2FD474615C52233c001A072F3e10553e26F7
Gonzilla#2143,0x2f149756501c387d9254a93f1a7ac674562f0a39,3,0x9c7f37A2e0496236374085B9D7aEc2C0206B5500
sodas#6312,0x61fae2d53ce42d87a089753c55c2d26309f0a89f,22,0x18dECEd516288f8996DB7504774626f722c707df
PinkOcto,0x64932F86d69F2717307F41b4c6b8198000583c63,22,0x1B5EBaaCE21877999E9c8c9aE5CdeBbA2a981CE0
WorldNFTs,0x0bAe2FD474615C52233c001A072F3e10553e26F7,22,0x3EAD96cD0702c6119393452c20579C3a75aB4399
Floseth,0x5f08F3e687D907b976e1E24435b093d577982c74,3,0x7c51d3D32825f96138905C2b91985ba0B8A1Fcc0
flemwad222,0x8BA08f0E54fbd2f5Fa51424407ff13fD172c3f5A,3,0xaac188d8F36Cc2197De997E26ffA8eCb45129150
op.en#4431,0x9c7f37a2e0496236374085b9d7aec2c0206b5500,22,0xf74Bb54823E60604d7e961444A4bEF4Cecc67c97
Dogger9,0x18dECEd516288f8996DB7504774626f722c707df,22,0x04d0c9ed967D5739302305F4e7Dba9f6BD53ed6b
Bricediomande#6149,0x2Bed5FD1D5C2919C23f5238DC9Bc61fC6f7ab635,3,0x1319f045E5b70627Fe8fE0aA4Aa14dACf337F666
あみん（amin）#5994,0x78b8A76BEa31733777556033e2a116df66C4C41C,3,0xBCD17bC16d53D690Ba29d567E79d41d4a7049451
sdinata#7686,0x3DC18897916e4bA54b30293E922232DC44c82fb0,11,0x8B95f763e9C3eF95ac00AD6fd942512ebaaadBaD
stevebuscemifan,0x03373Cb0cE8b25fAa5aB9D0A5e35A032E20D588e,3,0x94c25eA64eB6c041f4F363cAE311777FfA1ADE2e
Shaggy#8627,0x1b5ebaace21877999e9c8c9ae5cdebba2a981ce0,22,0x0078978D493a5a0db7eF37F5Cd0B4E89adEBFb42
Pochita 777#2290,0x3EAD96cD0702c6119393452c20579C3a75aB4399,22,0x4De9269aBf8252bF2307De0b97fa628Fa56bA69C
SaveOnCannabis#2729,0x1e81fC49f8eFF03903F706BB631bdF01003F5d24,3,0x3055bF6c1784ab928aD2680B4B9C87CA5ba8f862
Blonded#0001,0x7c51d3D32825f96138905C2b91985ba0B8A1Fcc0,22,0x0F03231440F6624881576ee8C5e0C3278815E3B0
CEOofthishouse,0xaac188d8F36Cc2197De997E26ffA8eCb45129150,22,0xd563a43E624a4f69BB82d3FF5e2768134A9C8c27
QUΞS0#8487,0xf74Bb54823E60604d7e961444A4bEF4Cecc67c97,22,0x5a1bD9DCf079d07e6aE02cbA6818C2520226eB53
Bingo Reserve,0x04d0c9ed967D5739302305F4e7Dba9f6BD53ed6b,22,0x2AE4347A2A5E0b6715534c1db71e831F8F197bD1
juno#9312,0x1319f045e5b70627fe8fe0aa4aa14dacf337f666,22,0xB284F19FFa703dAADf6745d3C655F309D17370a5
Marek#8888,0x91A73bf600F409Bba7Bf7541b863B4437111F199,3,0xee4B68C5F60356118a1E87d20E4c2c72fbAEeD70
MbahBeng#2540,0xAb833E38a35164C9eDAe07b9747ab6d32434BeF1,3,0xbb9a59009b299c1A0f341579744cBEB223a29703
MrMiracle,0x55416DB82266580188EB2e5E67fD817fa8123246,3,0x86ef596b942A1707Aff5a65c570c641906e47398
aLANparty#9206,0xBCD17bC16d53D690Ba29d567E79d41d4a7049451,22,0x3a0491E718988C77394C12eF639C9bC424C536dA
Drace#6468,0x8B95f763e9C3eF95ac00AD6fd942512ebaaadBaD,22,0x4C81c1d6fB83F063ccC7eB50400569Bf830B5492
Nik#3792,0x94c25eA64eB6c041f4F363cAE311777FfA1ADE2e,22,0x7Fe907F88b552E71fef36277a7ab714701fbce9f
GVPIZZLE#0136,0x130B4eF4294Bf34F638dD260829bb8ED383e3BE0,3,0x90E6bCCf52FcBC7F835F5055404cE4A7bdE0b2E3
TheRealShampoo4u#5122,0x0078978D493a5a0db7eF37F5Cd0B4E89adEBFb42,22,0x89b74BE4a4Fc2bA2375997902FBb22b5c6CFcB0d
cannelloni,0x3d38269F8D9De58668e33AC2eB5738731A2235d2,3,0x2afbCa276F75578f9A4149729b4c374B7863b133
realestjones#9448,0x83b0F6e597b7075157B01EecCf777BDC61548a19,22,0x6c5ef1Fab336ec3845b2186801A26109717bb022
N00NCH1.eth#9565,0x4De9269aBf8252bF2307De0b97fa628Fa56bA69C,22,0xFdCA0f8FD8d71b971A6f9eAE6722eFC0158a6ccE
DiGY_BB#8057,0x3055bF6c1784ab928aD2680B4B9C87CA5ba8f862,22,0x8Bf431D1c75973d8C82Ea1261B74bBd87fA5cDb4
billyedsn#5855,0x3FcB38cDB5df1Fe3554A28f94BC674b4CFafc900,11,0x77b954adf08f01bB68D836Db80a8BC9e7689Cb1B
kacutho29#0522,0x0F03231440F6624881576ee8C5e0C3278815E3B0,22,0x60235b2AEC58bC2Cb7000C2f606798fF801C7265
artiqm#7257,0x72185b9f3c15a1e98eFfa3F25C06186CD6Ca201B,11,0x8072566Fcdbe9E1827C57A8091085a3095bd4cF0
SnakeEyes#3116,0xd563a43E624a4f69BB82d3FF5e2768134A9C8c27,22,0x7155663802F2b967D0dB224E5F2D0d0d79399A4C
smartcat23#0245,0x5a1bD9DCf079d07e6aE02cbA6818C2520226eB53,22,0x51c3016d6699480Ec6bEcdf2155079c27EbAe040
Psythe#7022,0x2AE4347A2A5E0b6715534c1db71e831F8F197bD1,22,0x59829cD7873E77ac63917fd136dB59A6CC15fdA5
theo2k2#3529,0xB284F19FFa703dAADf6745d3C655F309D17370a5,22,0xEe12B56C61651ccb0EAc877a315Acd1EBf562051
CopperRaven#4228,0xEdcF5D6dDc5C8b64dd6927caB50a5B7FB3e50aBD,3,0xCBDF297184d57149773b5F39DE40E4D46914716a
KiNG#7895,0x714FdF665698837f2F31c57A3dB2Dd23a4Efe84c,11,0x8f0E3Efe2A9695b2f75530C737E36248edC46457
grandedame#7687,0xee4B68C5F60356118a1E87d20E4c2c72fbAEeD70,22,0x1d84EB3FEC9549D20b26F1046fF10DAe9adc901F
Zee#2970,0xbb9a59009b299c1A0f341579744cBEB223a29703,22,0x7A124cA6c817F17f5EF89cF428fC1766ad9b9af1
POLG#9072,0x86ef596b942a1707aff5a65c570c641906e47398,22,0xe4610a0BC7e70a1fE0ba711Cf2F82feC468d022c
GuyIncognito#7769,0x3a0491E718988C77394C12eF639C9bC424C536dA,22,0x3F4022200E31F1eC85463AfEBDb98eE02f279f87
vermi321#5908,0x4C81c1d6fB83F063ccC7eB50400569Bf830B5492,22,0x1F6D863FA39408C6d86D2D76988621cBBcDa8473
xyz#9999,0x7Fe907F88b552E71fef36277a7ab714701fbce9f,22,0x5fB998B8024E38867558fD5E2b87B6D13Da730f8
[lag]hag,0x90E6bCCf52FcBC7F835F5055404cE4A7bdE0b2E3,22,0x3e8c37Cf7B1e90dE7F6f391eF8012E478bEb824b
Seehund,0xeD5cEdc60d03b75fa80354D1d822742A07DA5088,3,0x6bB1b0BA9ED3d3718fE39d7B8d768b9C2E8C73ce
PrincessPlant,0x8fa6648B2F2CA808fA1bc46C572fC536EC368A23,3,0xedEB39fe4E864C1AfdE06CEfa78E6580848A16fd
coo,0xeFdfb22c09DAD726371167F6650e5c54038301a4,3,0xfb102d66A875D25193499153d1cEBF90D303B8d5
!>StxrBucK<!#4380,0x89b74BE4a4Fc2bA2375997902FBb22b5c6CFcB0d,22,0x7B83f4AEf8377f3f6A54Ae6728A8a3ECcb3F6b3C
casper forest#4451,0x7373264379A6a8CB201Bf8440Afe792319B46c42,3,0x49acafef796B21C064D267D777D9753918959b50
weArt#4122,0x2afbca276f75578f9a4149729b4c374b7863b133,22,0xC50936CEadCda9b41bd47C86a4813DED3B9Ae40E
Wayne#5579,0x6c5ef1Fab336ec3845b2186801A26109717bb022,22,0xd06fB7C7aC9C18A21E6cea7F442A297f9481C663
Dontstort,0xFdCA0f8FD8d71b971A6f9eAE6722eFC0158a6ccE,22,0x26d125498742B99B521B838F31Df87b22947DD5e
Jedi_monkey,0x00226c488836DdC32F4bF2875167b7d94c08b281,3,0x80058FC56Ab8c5C631f093CceDf68CfeB034D8d7
o.do,0x8Bf431D1c75973d8C82Ea1261B74bBd87fA5cDb4,22,0x520fAa1bA7d96d00CBDbad8d41E1250755F8DD86
Cinemoment,0x77b954adf08f01bB68D836Db80a8BC9e7689Cb1B,22,0xaA2B317A79AdB652F1B4E169D0746F99598BF478
Money Man,0x3Df247410a3124e1DF713CBB08f16F1E86bc3d88,3,0xe7703b16eF7cd803FF46703172Ef402f07A0ebb2
RJ8,0x60235b2AEC58bC2Cb7000C2f606798fF801C7265,22,0x0F73622476E604d34dDF24ef4D709968a264A259
Bouli#8509,0x8072566Fcdbe9E1827C57A8091085a3095bd4cF0,22,0xB1892b7a383697D10A9419eB132598F3F4bC8dD1
Mr-RobotK777#1772,0x47a4ed62364e4716c58Fe19bb124a1f7f2DD89d4,3,0x092E7acB2C8F13546Ccff96BC6A6005Ae9Fe5162
iLoveHotCheetos,0x7155663802F2b967D0dB224E5F2D0d0d79399A4C,22,0x4CE39Bd7b90194e43A379A35cd6d4ac0a4b965C5
djangobits,0x51c3016d6699480Ec6bEcdf2155079c27EbAe040,22,0x8Ad002d2AC51679Ce0b283d0134D159e24A0814B
ToucanNifties,0x59829cD7873E77ac63917fd136dB59A6CC15fdA5,22,0xDDf5f4b1C355E412313e22795d6769809d4e3e6d
CY,0xEe12B56C61651ccb0EAc877a315Acd1EBf562051,22,0x3d1c7dcbF883C0717BBEc30Aed5A616bd9002B01
bchang2001,0x95452e04257c30a3d0d284420fbe589dd0b3160c,3,0x19BB9296A7a093C3A78F6F435E42F75C4E5248Ef
Girtnian#3938,0xCBDF297184d57149773b5F39DE40E4D46914716a,22,0x574181330a69A4205819bD6508220aBb6Ef79B06
WabiSabiMe#3159,0x8f0E3Efe2A9695b2f75530C737E36248edC46457,22,0x72819EDe9E67961cf166e3F3c4A49CAF35f4e3Fd
MomO777,0x1c2E4b068f69A46d8Cf7995db90D38428163B979,3,0x94eF50aFAc9c04572813F36Fb8D676EB400de278
Parvir,0x1d84eb3fec9549d20b26f1046ff10dae9adc901f,22,0xb5810a6648Dc61d5D7fE368056FF53B07c1cDf07
tid,0x7A124cA6c817F17f5EF89cF428fC1766ad9b9af1,22,0x5D8c4Ea57b8607cE3D3E220574e291Ac98797e9A
udinovpro,0x64Cd629E020Dc1131Bd18B7a80C0656341D89038,3,0x40Bc4200A675a5bC4DD75Be5722b4525c2Cd2f42
ernesto,0xEDA4aEabaE2d559E7c5aEd03CC288bBf44A03134,11,0x601CBB26680cBED98d0B7d1aE5c8374c644EBC77
Eliza,0x34b2DBf0979B063f75DCC100D53607a72C595c00,11,0x5B233b30E76A14af05227dC9c2E355199936afC4
seivold,0xe4013B5bbA21556CC1f30A581CB0b5D0E98A56b0,3,0x2D4A7c6bE7eb43196fFc703132536981c5fd0D37
Scytale,0x7B9741d05985cFb3318c977AE044984EC219ec67,3,0x69DF1DAA691A5bDEd6DACb9D03746B787d862489
XtheOWL420,0xe4610a0BC7e70a1fE0ba711Cf2F82feC468d022c,22,0xfd9563722D3f260F21b48Faf7Ce05701Ada479b4
GregRawlins,0x3F4022200E31F1eC85463AfEBDb98eE02f279f87,22,0x9C871e25b88d94BFE97b22223e7aF01f4a85c15e
prettybad,0x1F6D863FA39408C6d86D2D76988621cBBcDa8473,22,0x36C4846790eF8c8FFA7c7303aDDFB265440ef529
Swift1,0xAc634Bacc1576edA66C710b6a5E42de3517D932e,11,0x7fA77093e83C9292C2357ea799AC2C57EC138203
aims,0x5fB998B8024E38867558fD5E2b87B6D13Da730f8,22,0x23F85Ce2D12454598fa77820D21012504339f037
WillShill,0x3e8c37Cf7B1e90dE7F6f391eF8012E478bEb824b,22,0x22aF5283E694758954f823Fa8eF035E93aCdA270
Niko,0x343138BBc486B93bc25Ee23D13e286e7c00D5Dbe,3,0xF2fC60b88137a9f22bbb5ED0B9310401aDE39479
cryptoryno,0x43aab9e3d38d5411cddabeb0453cc0557e9f9ee0,3,0xF94A17a440Fb3b3d0A18974143Fb55c1fC5E90B8
evilrobot,0x6bB1b0BA9ED3d3718fE39d7B8d768b9C2E8C73ce,22,0x18acAF5a29B70a659cCA4768460Bd04F7Fd79403
Space,0xE48934b8fEb7d711205cD18a086b5eF0428bc3B0,3,0x141c80558ce98ed93E9f9cDB0125ecfF1329Fb6D
taxil,0xd26E23aAA39F29e07b299DA734C77765F6866A0E,3,0xcb38037b09Ef4F874A734552f01A3F6acef5B916
blastrid,0xedEB39fe4E864C1AfdE06CEfa78E6580848A16fd,22,0xD83FcD0Ce05895Acae34519bEc5DaE8686608E0A
BrownWorkGlov3,0x5e451b2d167c2a8faf0a8b23cff27996a28f28bc,3,0x0bd3292Ab67D05187f0087C2e0Ae010518D4E830
Allen != Washed777,0xfb102d66A875D25193499153d1cEBF90D303B8d5,22,0xDA4F8199898422237455c820e874A13F63f5371C
Yulong Hu 777,0x7B83f4AEf8377f3f6A54Ae6728A8a3ECcb3F6b3C,22,0x353f6124e6316cC19f0f0c4335bDFa1B268071B3
kcbeats,0xf10944D1460c3820Fb2E144cFd6C3426B5Edc533,3,0x8205eCc26495Ff55e1D6D84F59bd82C2dddd646D
Hisoka,0x49acafef796B21C064D267D777D9753918959b50,22,0xF7ABE060EA1E437383665ea6702e0C48722931F5
Ston,0xdba2b1fb866afb98c0c94a15292e71917a9efc9e,3,0xcf9cFFab7E278ad5190339D991e04D3949B89452
aladovich8200,0xC50936CEadCda9b41bd47C86a4813DED3B9Ae40E,22,0x24EFFeafF7cd0C4c69021A1aaC8F0290bC9ec7b3
Kiggs,0x5870F14442fADe3f06cd277D22057476Db38dfdf,3,0x73DD241ba9D8A377A8DBc574AE80A41E99A0c44f
Peter_Cung,0x3aEBcF1cff75b70AEf371A0e9A6e0FBd0A824190,3,0x0278a825D149BB16D70137D002314F56631DB768
BadBoyBleu⁷⁷⁷,0xf5b6F869D96164c323C12b7ba8739B2fb20e8EDc,3,0xcA07eaADeD2B9c1C6a4A2D7Fc3A7D368f5F527ad
Mips_Approved,0x0768bF934066FEf1050D528c6ec76ee088923e2d,3,0x56f210974e0Ac548cF75c6034f1C0aa515c818df
beermagician,0xE9225f057A16F600C4eE2b6C169E93534381D0d0,3,0xe4B77842E0d992F6358F0742F8c2cBe955b8839E
IV,0x73a28A20ACEa80b943F2bD478A95440Eb45b5b51,3,0x68615Cc65127Ab1Bbe46F2A90428D0957C24A91b
Shadowe12,0x911Bb65A13AF3f83cd0b60bf113B644b53D7E438,3,0x385b73b6fE7233Fdc68c4FC812E637cD052EBf36
jerediscool,0xdA28431f8c060E2a971209e29d0Ad1dFcC921746,3,0xF7d96755Ce28f0d8E0BD0d8875b0fF1c4E1F4e08
Enne,0x48fcb0e61921D8480A63d82926D3Ea80CC0D94d2,3,0xE6dCAa02967202b9749bFE802EfE312fc103cC33
rawr!!,0x9d09873f3378488526f627BcfBF2Efd348971FA2,3,0xc3eD9cBa21F66ff7e65dD1972C55e28B227Ed8bA
Steak777,0xd06fB7C7aC9C18A21E6cea7F442A297f9481C663,22,0xf17cD420B438529C27eafF9E0ba10eF3aC2560aC
RandomPhantom,0x26d125498742B99B521B838F31Df87b22947DD5e,22,0xF94BA062308EA92f7AB3CF55c4B410339717C74d
ngcg,0x6f9cFAccA63145c906fAE462433Aa1d1F147eec9,3,0xD25e6d12Af5b4176c8c179E7a4b23EBb16825CA8
SpennyFras,0x2Bc422100D0454660eC036Bbc6b140d1cC1319C8,3,0x9017c92270F465FE35C8aDF47AD9B2C344765561
fran dmc,0xCC86c675Ac9F00E440F4F80B6D27b881de0f128A,3,0x53B3ce89C485fE9C85A2926a83642106C97A376e
RodeLabs,0xe46243851172880d9066CF99009A301b7D67076a,3,0x15F7320adb990020956D29Edb6ba17f3D468001e
orico,0x80058FC56Ab8c5C631f093CceDf68CfeB034D8d7,22,0x6181A2DAd2b7515fB1D6cD6dfAed4E467419C471
meakel,0x520fAa1bA7d96d00CBDbad8d41E1250755F8DD86,22,0xC72B6999Fb747d14789645bb665077f30474ccf7
wolesclown,0xaA2B317A79AdB652F1B4E169D0746F99598BF478,22,0x4aa5137cfCe7F4687F5a888028578CD2908588f3
fxngzz,0x8BE62F79Ea0Dc4bf199Dd65363683Bd892E17f66,3,0xEd37E97E2b88555D8ac7FEC9918f051DB65501A0
bottlewater,0x23ADd148506A8a9491F907a2e9721DEb34Dd5019,3,0x5Cd5e8AA7d920672D44d33C88b4861fC48A8Fd88
rob3rt.eth,0xa4b2f8d5876ecbf976d7e983c9c9b418b21e11ae,3,0x44cd75d0eccaC283c62184ef87626d639E047441
AnnabelleMarie,0xe7703b16eF7cd803FF46703172Ef402f07A0ebb2,22,0x1D4F3Eb7DcD7eE76F99c67A699de4Da3B764b82D
loltapes NFT,0x0F73622476E604d34dDF24ef4D709968a264A259,22,0x1ec0562EE29593980Eb89dEF47355f22cF3782c6
Bubbles,0xB1892b7a383697D10A9419eB132598F3F4bC8dD1,22,0x7Ae52eB781910C35baB5Df9ED69F5e309B2B40C4
DCMCrypto,0xD77D92f3C97B5ce6430560bd1Ab298E82ed4E058,3,0x4D854C6707B05Ee1fa250cFBFCeE2c2366AFE03c
CSaintFONG33,0x6c098e046d457E4dEe1aAA567BfdE86F39ebA3aE,3,0x54bec524eC3F945D8945BC344B6aEC72B532B8fb
Yel0bear,0x092e7acb2c8f13546ccff96bc6a6005ae9fe5162,22,0x391C2df3c1d92348f7077A48a3dd3BC1bc9B9c1F
PopChork,0x15Fff7c1231d195fa7b0F589012169e0877F2eA7,3,0x997B95a4a1eD6186A2de4D63f9ab1c95A918468a
doon,0x2E6d1Af99C10cac1Ec4389e86a90c710D7c10b8e,3,0xEd37211388daB675C3d35f622486f1efb1982BA7
bonbon,0x4CE39Bd7b90194e43A379A35cd6d4ac0a4b965C5,22,0xb5A7E05F82175D3D51DDeCfa2a5028C57091BfD6
jb1ake,0x8Ad002d2AC51679Ce0b283d0134D159e24A0814B,22,0x8757F479276A5A5c1E66555EF6C3bA8C11AAC369
Stevvoo,0xDDf5f4b1C355E412313e22795d6769809d4e3e6d,22,0xc567EE384df678b217a28897e0d1E4B944624e12
itsArbitrage,0xF980e8272234174Aa39d59C2D542fC51362e8701,3,0xb0219849acA3e6BB97cbD3bF5Bddce9C32E16DF3
CraZz.eth,0x3d1c7dcbF883C0717BBEc30Aed5A616bd9002B01,22,0x06a207E260aC4eb10741dC1930aA554905D7e193
Nois7,0x19bb9296a7a093c3a78f6f435e42f75c4e5248ef,22,0x07B56518d8867EDCb07fE8807569e35AA4d2a4da
traderdave808,0x574181330a69A4205819bD6508220aBb6Ef79B06,22,0xBC0a8358507Fd406Fa97ec82aeB6fA057e9603e9
Papadax,0x386CfD04C08F165D5055D2fAA67ba63D68F9bB2D,3,0xa555cfA4dCf64B84d16aE90f99904C89016bbEcB
Lemonleaf,0x72819EDe9E67961cf166e3F3c4A49CAF35f4e3Fd,22,0x563a75AEc4f405c10095a6E715365e7E43A0AF9a
Bowsie,0x94eF50aFAc9c04572813F36Fb8D676EB400de278,22,0x0eC804C32F79E5Df24D509E4C9c79d722167fF1B
Charles Li,0x1b8644172900d71c8A58446e19731114641c6E4d,3,0x87661b4740FD1a6ac45a927079E1DB09827dA4bA
mochi,0x361e8ff276689F476B9B942a67fD2ca69649389E,3,0x4B038bE6a97c5D7f516F3595197A22a0248d4c73
GVX,0xb5810a6648Dc61d5D7fE368056FF53B07c1cDf07,22,0x2B7FfA8004cE94adBa5547808D9eE40aceF1F700
MetaMan,0x5D8c4Ea57b8607cE3D3E220574e291Ac98797e9A,22,0x0Bd8C2993520F8AA4075fFCdf3b7b460346FAa2e
asdpp9777,0x6D9cED74363B472efB09F203af72B60c858E966F,3,0xb113eD474962d395F1E79458234D52677dEd33DC
rhdbgd,0x40bc4200a675a5bc4dd75be5722b4525c2cd2f42,22,0x6D6a605bCC6d81D0dbBC3fB124d0D89FAF9bf311
22,0x6c10E56522cafCAf220A9e5bb666E1D84102AcCb,3,0xdf89721F3a143Ab66781ae659f991e76474303b3
dijos,0x601CBB26680cBED98d0B7d1aE5c8374c644EBC77,22,0x7E55D63A2eCC7a13F9D7C561A17E17908Ce09F79
Paolo-777,0x5B233b30E76A14af05227dC9c2E355199936afC4,22,0x794662108B07CCafC7276589bC4fd3fc02f9Af84
DichotomyRed,0x2D4A7c6bE7eb43196fFc703132536981c5fd0D37,22,0xD91a59e45ebb5179BEa3901ea504eD2fb099f62d
ddyas,0x69DF1DAA691A5bDEd6DACb9D03746B787d862489,22,0x3DBb1cF2f7820B5e6107bA2e98Ee7A9f69154aC4
Schteeb,0xfd9563722D3f260F21b48Faf7Ce05701Ada479b4,22,0x255827B327a61C72e25D8058e2a8Ed4eEdAd6621
omi81,0x5Cb6827af672EA59275BfA407587cfA1E5a6F43C,3,0xc37e705f34801896121B2Da24327332Cb7DC2CA7
Nightjarr,0xE34133362298dE9c9FCe047C39039B94B56fbE29,11,0x12d9C0C81eE237C5abd5A778d36da20873cdF7d7
Birlo,0x9161d8a046136c6cecbbd24fe71d12922e8606fe,3,0x9CdbB9148c29Edb49829310fB0426e5302d8C526
stacy,0x9C871e25b88d94BFE97b22223e7aF01f4a85c15e,22,0xA259CC35d2364F7C625859816D01910084cEe181
Joost,0x5F46Ac0fBAEa7Db71Eb7096cBD808379df1C406F,3,0x4Ae52AA89E9b36E25Fe62bf87C0E91Ea9E3A2276
Diego_VIII,0x34F9295f12B58FCBe4690bc6C79C2a8e23452d22,3,0x3edc863789a36f508340ea3f2Aa40674139cF5B6
by_martori,0x99396403B974d0477FDed18e61865d9ED39f4bAa,3,0x05523D7C6f5b0E80e4C70f21f51A1f1E03525C98
Hugoo,0x6979E60522E63807d7f4047e79e38a3a77199302,3,0x3265A39fa1bDD28b9029568208e3cb4639Adbf3e
Arif,0xE3AEaF39D896b8ec38105E2900B8303434e77BE7,3,0x9F29097fd491FB9AefC02A6F490F5A7E89B6C5D2
Xevisa,0xa027bAf2E881c243cf27d1618E48a13CB4c7ef59,3,0x2B2C869539188c28c202D086fE99c554493f72DD
Crypes,0xa491C807E7Ba1a2cccA35f6dAd5610682599da0D,3,0x8B078D0cC0f3b67f18c0877cc20519b04a427aBE
martin2000,0x42A5A68e6F15c8DD0b86aeE0fF7d81CEC18b62B7,3,0x7fB98De44A955dA8D0A260433E4c42abC4a99d13
freddy.,0x83c537f17ac83754a1864f60C712a47b0B2F3928,3,0x4B2A7123aB809670C7989A58b2EF8338028C791f
snkrfy,0xeDFdb8A3D4876E94e9C285Ab891417A7BbF20b4A,3,0xEEC520A20702bC4061BD68362c562081AA89D7c9
ShadeOfGreen,0xB454e3001A2CDe11D595939210D60E8B44e58421,3,0x3D9f185369eC7A6fD1be7C1B9f828C9C35A862Bd
vadex,0x3b15514BF0DAf1DcDeC59b34B0Cd231b9aB85F58,3,0xF54f8e768FBf496ea0Be12aDfA051984A98aCFA7
zonrox,0x36c4846790ef8c8ffa7c7303addfb265440ef529,22,0xe4353459BeA4B3942E47E93C7e75448013609F84
yeti,0x7fA77093e83C9292C2357ea799AC2C57EC138203,22,0xDE4c6E0e938a42eA721D5633B10F8Fb7BaFf7519
JS,0x23F85Ce2D12454598fa77820D21012504339f037,22,0x6B67623ff56c10d9dcFc2152425f90285fC74DDD
Tr1Fecta,0x5C0b04E0f56A5ccBA7C1B7700C62c7212fe00257,3,0xE4bb6F84e5353Ce688955d1a17A6a3E3f4Cc1106
KICKITNL,0x8FC8eb6f70F6CF9196AB30a8B267a7C22D395a80,3,0x8CBc7327B5FE2Bce2C69fdafd58aEAe83d349Eb2
Taufu,0x22E7C8755B84F667F8c3c1870De96e843B599bAC,3,0x071EB5a8aEe97BB37396339bbC6Cdc995De45519
32Notes,0x22aF5283E694758954f823Fa8eF035E93aCdA270,22,0xcb6cCc00464119bA0f3BaBdf0AAB9E54A86546CA
foodmasku,0xe288a00DF4b697606078876788e4D64633CD2e01,3,0xF9EdA90b87FaEe8a1f9bAA1bBfe7Def86997A97a
BBirl92,0x242f9ab2bad00f133ea7c79f6efbbd2f36691b02,3,0x0D31b3D8831B33305BfEc2676e19d981241a5F53
mpcortes,0xF2fC60b88137a9f22bbb5ED0B9310401aDE39479,22,0xF71eA421c931A5fe80C8E7eB13c2565aC0887749
otoalchemist,0xdE4b72239F6D6E2342CBC48Ca8FB04E05A25f1c7,3,0x7706ABe0D94E08dD0375dC3d0e997D5680324E38
PREMIUM_TOILETRY,0xFedD3D6e6d13B75Bd349F69698d1B83413ac7dF5,3,0xEEa8e8DADb85CF9774F4201e1942736063e96f27
Oxxyy,0x8d7bbfa0506ea95c73d864310818acc3e5fa05d9,3,0x0C3Dcd3053891421A5E3c07F5c4234932bcd4EcE
II Bannato,0x0228176388579efbe0bc049ab1dc73a9e069f683,3,0xE966C1E81B70920293C123C81994ef5fc19f8D35
domex,0xF94A17a440Fb3b3d0A18974143Fb55c1fC5E90B8,22,0xEc8E08dA68e0d9f1769a45896c4fCB2bBf5B8756
NftGary,0x6199f8b551af1a3Aaf9Dc12A0491D91999282216,3,0x0E95EE3a584D95cE952F31B042Ac0d5237644431
水島,0x0f0924A3a5111e7987A23a49Af826D2Ba431342e,3,0x1fda7B604B04fEeFA46eDC1579eb13614cf3Dd38
diamondbags,0xe9B7092940B4631c87e406EB2d292EF9a039e4Ea,3,0xd3AefE3c531E3E2eB0689206E7D495843c943550
peperobb,0x0206171CdD913Fc2df3d1B084291F424Ef680d94,3,0xa07F4FD35b980cfbfb2F1efC83FE3F99F76546E2
thatsallf0lks,0x605519CF79a14018359F42BE1edb571e011A0905,3,0x3Bc4e2A23F3Eb0A13043A0DcD9De062905acdD00
Kensari,0x18acaf5a29b70a659cca4768460bd04f7fd79403,22,0xD7bDD2B1A6Ae8CA9A56DFa3428F3Bd5EA5C37F79
Ch3xican,0x84ead5E4aB1008Ec9D1f22201DE6F2f94dcF96B3,3,0x211527294058bfF1b828729Ed1ED3F92E60fB9f7
oekhjjhj,0x141c80558ce98ed93e9f9cdb0125ecff1329fb6d,22,0x37D27c00FF4d9B7f5DDDf877cC14E7F919A6490D
chugsnbugs,0xef88648a8853d17bbcced27912fe1cc174391d7b,3,0x3dD85Df5A47b2b4b043a0F82555bc9A3DBF7EB5A
dubdub,0x386ab1e4c7113fde0217ca2034e5d07eb7092365,3,0xD9ADcc4b8d9aD089f262C0F322401B944cd43231
newties,0xcb38037b09Ef4F874A734552f01A3F6acef5B916,22,0xE4bdA8c68870c602C67af7EB4D75d452f49BF294
hamburger,0x41332e61BEDDDC9c23f463eF5da4ca9125F6aF3F,3,0x440b4a49248F25a9cF514aD8c1557CbF504ED5C4
FlowTrader,0x3765240be64aF984bC5bB3B6A2988e431d668f6B,3,0x2755Cdb774470DA28bce3658354435b5a9039cFD
reefxballer,0x18a3ab483094943e1118c5ef237157ae940543ab,3,0x9243391EB953d25228D5845F7514952EDcF12958
zardy,0xA8652526111e3f5a78b112c3A59f0e7593033d70,3,0xC46aA1c8eCd21ECed811EC5B93Bef4aF3B54597d
Lil Stitious,0xD83FcD0Ce05895Acae34519bEc5DaE8686608E0A,22,0x013Cc659FB6f3Ec4D13D99B27a0FC6CE1b358920
Pots,0xa481DAfB17D244c257f08559A7d89fDD66d3A9Bc,3,0x5cF64E698f8096BC38383D172887891FE14d8FcB
Bobar,0x8f8eacef7a5a28fddee9d60690918df01f68c48b,3,0xa08567714D8B55bBE78046DE583D4e050FF72F98
Darwang,0xd723127b0c9aff7b08a8aaac3f6b95d0716926fa,3,0x5d708786dBB2e603A6De1D1324a56682e6b2DAB1
dnbrg,0x0bd3292ab67d05187f0087c2e0ae010518d4e830,22,0xebdb1B8AC6aa04E9F3A867a9B4BF476cf5f144C1
gogibear,0x79a555b77f09c3de481c4b412c14c25ea78c79b5,3,0x3f3E2f43f0aC69f30ec38d3E4FEC304bdF330E7A
jawdoc,0xda4f8199898422237455c820e874a13f63f5371c,22,0x3635B3d38B971ED37b17E6E1Ac685Af87bc8d930
4everKurious,0x353f6124e6316cC19f0f0c4335bDFa1B268071B3,22,0xA8dC3924fC27CD2f5430b337F600e2778D14f765
billy bob bates,0x35C4d50689B20d61A717fC3fA1F35317f7518B32,3,0x686A488e24eA91aef08d92bb5859991240931D82
winnin,0x8205eCc26495Ff55e1D6D84F59bd82C2dddd646D,22,0x5F390341786Ca439CDF46A3d1536ff4AF1996849
tdwash,0xF7ABE060EA1E437383665ea6702e0C48722931F5,22,0x288E55B2F3AF18e051b3D4840c04B24C40867E32
Space,0x3Dadf855b9E30e63Bee10ec4D92cbFE789E5F8A8,3,0x38a48DDF98D3d6AF7fD46a692265D72515534525
JK29,0x3F6a4cD52CCb320686B5d1a854c7dD32d4fB94F6,3,0x3c03f4CA78c7ccc5622a07Ed7a56F5d44A3c4E6a
Kamikaze411,0xcf9cFFab7E278ad5190339D991e04D3949B89452,22,0xa4641b9eEB16b1E2456F0e0B55841bED6b150680
Samsongeengert,0x49deB5588e1Ac5cAA0aa59d3fB3f60bCF8549746,3,0x72907F0365772b8Bb21cC71f69eDBD034e05cEA8
SSS.Dzeusowar,0x24EFFeafF7cd0C4c69021A1aaC8F0290bC9ec7b3,22,0xb1d17F5d3EeB25d9f54253B5444D5DF0901102d2
J&J,0x73DD241ba9D8A377A8DBc574AE80A41E99A0c44f,22,0xc8b2FF063B851CEc5eAe0ae4784a9f83aBB9b200
mark1,0x0278a825D149BB16D70137D002314F56631DB768,22,0xe670f0369D0a7bc7eA89D06BcD7174df4BE7EB16
persil,0xcA07eaADeD2B9c1C6a4A2D7Fc3A7D368f5F527ad,22,0x8073F277eAd3b58a02a42Cc4727d44cBF262e6Cb
Unleash_inf3rno777,0x73ea52B81cf18C6Db256518576ba23A4e89EECda,3,0x0f91aBE25a806EB2d6248e56bB9F789218234E2e
Drunkclown,0x56f210974e0Ac548cF75c6034f1C0aa515c818df,22,0x94E59547b8C68924380C90E729488f3E79FF8d22
Oneflipman,0x8de7ca9753d5fafcbee95d402c662e1ccc41c546,3,0xB3879479eC82638e3c5E4247678eD6fCa771880b
Jerm,0x8D51421A17C4dA4B59d3663720B7Fd1eF3db336B,3,0x11158bF52B765d79f69B17FC509A678BCAB7a0a8
JayFlex,0xe4B77842E0d992F6358F0742F8c2cBe955b8839E,22,0xb985CCd9Ff90Db256b15F7FEeCa5A6040D734597
kwadhera,0x68615Cc65127Ab1Bbe46F2A90428D0957C24A91b,22,0xCEFcDBfd67D70C091a4a7a4696ebBc94c06B832E
kmpatienza,0x53982907104A8c4e32e9BDf72ce3868eE3423db9,3,0x5FD2C02689d138547B7b1b9E7d9A309d5A03edCd
Lloydapeman,0x9762dd2c12127ac104ad18cf6742ec95c6d3ce1b,3,0xcfc65EBDCD6b90b9036913971f963e8D9d83f37b
Dom,0x173309061808168Ab41179bF117D3dfd59c527e8,3,0x0D78579978566EE2aCf97fDb2f37602C801F42ff
Pennypacker,0x385b73b6fE7233Fdc68c4FC812E637cD052EBf36,22,0xabFFc587Cf9B63FA428e0d197b1E44755568FC30
BackyardDickKarate69,0xd7aa9d5e2c64982cf490b007ff613a0f828c8ec1,3,0x2E2370489903d7eD48f4CdC00322cd66A4757723
EtherDuck,0x470b65a2335b8E06A82491727313681e0a8f67Ae,3,0x6d35D28D98581288A82273Ff302aCDe34e20b1Cc
Buffel,0xF7d96755Ce28f0d8E0BD0d8875b0fF1c4E1F4e08,22,0x810657D67c68CF7299f7EcBc321b293ee064C5DF
jes,0xE6dCAa02967202b9749bFE802EfE312fc103cC33,22,0xE3f438CD5C6cd725b30E61f5c2EBD8eD6F843B81
Sukimoto,0xB557CD550d2bA10A0a8f84379a62A1B208c72272,3,0xBB8CafD57Debb27ff8f39c7dbd7877Fbe04e9792
Aron,0xc3eD9cBa21F66ff7e65dD1972C55e28B227Ed8bA,22,0x2e97778b97DB81b62eb64103813E019F353537cD
hibob,0xBa5747bE8Fe47a6A0853831D43f7c3978927Af7C,3,0x45698cdCC733cBA4f8B1150C2f580587adF1Df92
Crypt03li,0x9f7f3dEB00685DA5CAe89C6908470c3B1D19821F,3,0x2C50E93DD05594c81974cb1AD900349588d4fC14
Nic,0x2C0D8f4FdF2F5F98C3194B4EA5F5c1D67bcC4185,3,0x7ef4121748730BF53D8f723bc42cc6d27B43A788
heartstopworkshop,0xE28504E04E490b40F3aEcAc2017317F86e41f3b7,11,0x31e4a3EF430A729A133483AC783963CE41ceDa3E
dandarandandan,0xf17cD420B438529C27eafF9E0ba10eF3aC2560aC,22,0xCdc3821103c9f9fB90abf927598F97411a5deB65
elephantinroom,0xC2D2B8728E5421011De67EF4a939C77a47f3C384,3,0xdbEFee517025559E7898d3a48f18221C32D3Fcf5
suop,0x30E9Bd42A34059E59613d80E35FC8FE45861Be33,3,0x6a2Ebd6b63Dc3F8cCd1f91292Cefb07255e01c86
berto,0x30b4196CaFDacE157bcABddD9476102993bdEBc0,3,0x258bcAb7Abc959D033e588828916AC45c0ADda86
George,0x95c9aAb3ab4595F699108fd796f50c9b2285D889,3,0x94F76A10B64a7b324C0Af6412C37dF2aC4d25177
Blank,0x21507b0080467a1f940F861E1E6A7e4f167C3608,3,0xFB8c9C42B9BA4502A72B0Ba1BaB35640f44c2dab
SusVato,0x01530a1f56d1c98f9edbd6c3a0276f220856fd3e,3,0x41955ab7d12F9F6C03de972b91d9b895D9c2EaF8
Billy Thebiff,0x5C3F547d75Ce61B19AB81a5A873d2924cB25CDa3,3,0x0940d80b446f303A98fC596cB401E9a966B55022
mcheng40,0xF94BA062308EA92f7AB3CF55c4B410339717C74d,22,0x8A5faDc50cdFd317bCFC2b25DF5c53e6fA2898c1
nkli,0x681dd11aA7aDF3b4261Ba3547d3F911765Dd5Fe5,3,0x310570401531CF2c50f5bCB0D6c057a7Be886Aec
JimmyOD,0xB86BB522e777B62Ef83E34248f1B6DDcfb58fd0a,3,0x4692619c6580f10AA897e6D1ba725DD58121Ea6b
twinkie,0x9daea748b52acd41e055fbb7e3985625f080b7a7,3,0x6c386cC632915a95Af78923983e22D0c529Ac9C9
tiptheboy,0xd25e6d12af5b4176c8c179e7a4b23ebb16825ca8,22,0xF3E28c0caD09E36994CC517Ed8Be41B7A4b67789
dwoo,0x9017c92270F465FE35C8aDF47AD9B2C344765561,22,0x004085A545E8c37aCFEFce46FDA4Ca107e31a087
thehrvstr,0x53B3ce89C485fE9C85A2926a83642106C97A376e,22,0xCabFa9953a7d15e9e199631D85DA85d4715E75c7
evantan,0x15F7320adb990020956D29Edb6ba17f3D468001e,22,0x303c36E5c473bF36Bf643DeBEb61C68f780641Aa
kaysuu,0x6181a2dad2b7515fb1d6cd6dfaed4e467419c471,22,0x89601c127395D185f9B40FB53F53D5cf432d1fd1
Jonathan1123,0x877a0762FAc76005816618CaFC62223a9689a6Ca,3,0x27Eb78C1Eade6fc040d25b94E7acf6BBe0689F0A
ginge,0xc72b6999fb747d14789645bb665077f30474ccf7,22,0xc57b2900F3AB9b9BD4FFCdB8174Cd7665d0dA8bc
Thonos,0x4aa5137cfce7f4687f5a888028578cd2908588f3,22,0xdcf5bF70535F3680a5AD5E16Ee485153546E1ea0
wagyuboy,0xEd37E97E2b88555D8ac7FEC9918f051DB65501A0,22,0xf3Cd476B9066165EC9BA0059ffa780F6D4f4CeaE
soloandrw,0x5Cd5e8AA7d920672D44d33C88b4861fC48A8Fd88,22,0x2DA8bc1b221E2E89e9644B7A2782Fe0a7798Be55
hwrdtm,0x44cd75d0eccac283c62184ef87626d639e047441,22,0xf6265b4aB16793f8eEBe565ec34cc7F5D18e13D3
lookingpurple,0x9f882cB17b6A3F53fE0B65A9B3f73BAc68a22468,3,0x6FC3539ff958a5F17AFcc6e1459099485c32322D
CRÆN,0x1D4F3Eb7DcD7eE76F99c67A699de4Da3B764b82D,22,0x315BD7cA72934502B4a4683D7F6ba9fad1362473
Nubcakes4u,0x1ec0562EE29593980Eb89dEF47355f22cF3782c6,22,0x8924ac1196E2ae89603925B6e001Dd14E3f7fDFf
10Bag.eth,0x7Ae52eB781910C35baB5Df9ED69F5e309B2B40C4,22,0x9ba7DBc966718Bd15827B2c7119c059cD5E8A517
Slicky,0x4D854C6707B05Ee1fa250cFBFCeE2c2366AFE03c,22,0x9043f33640f5CcecaEbdcad2d6f2cAa6F2968d37
brownsugarlatte,0x54bec524eC3F945D8945BC344B6aEC72B532B8fb,22,0x26c9Fc612b005781127246BBc5dC39f823E3106E
ScrubWaus,0xCac0408615E5DD8353efDB6Cf48db0Fbd1aeC2D2,3,0x02B56B480FD9350fC83DbE2918A76C60232b4001
tawawa,0xa9af9a1fBBa35F0138D959bB95FE3399A3d8B158,3,0x1005eF85EDCc2F9974862CB8dEeaEB8d472BC5fF
koji,0x57277C61aC709fE5Bb667541E2A6bd0b587aE139,3,0x7f397c65C84b5d3e376cfBE51072AB8D0Bb3eA81
shotclockcheese,0x391C2df3c1d92348f7077A48a3dd3BC1bc9B9c1F,22,0xaa422b357a01c217B43ad0D46A6247D437D43805
derktargin,0x997B95a4a1eD6186A2de4D63f9ab1c95A918468a,22,0x6026108e2e6dd0F6b7cd0a0D4AbB84F98e597fb9
Jai,0xc5cddfa458feeed748b4a1c6376f40f99691b731,3,0xB1Ec4B207caA4006CCf15ce0f55Cc89d2d55c0c5
Thomusss,0x67dA7F1b898d6Cd0351a176299C19465596c8450,3,0x804C2B74a701A72C3239e3C3d304Be53aAc9d541
dude,0xEd37211388daB675C3d35f622486f1efb1982BA7,22,0xd81aaEe1205BFB271BF9eb2da4D596316D9Ea0EC
doktorkrabba,0xe66e1E9E37E4e148b21Eb22001431818E980d060,11,0xA4E17D5A12078ca3a7Fc470F60eBF2cE64235F8a
looksrare,0xb5a7e05f82175d3d51ddecfa2a5028c57091bfd6,22,0xCF803a49F6E37B92A4040e397B976939dc5d9841
nfty,0x8757F479276A5A5c1E66555EF6C3bA8C11AAC369,22,0x9C991684F00F881868D156C20DEf10231000B747
zenpatato,0xc567EE384df678b217a28897e0d1E4B944624e12,22,0x4F1c249294F87E8Bed08e8f6052A8698A5dc2730
stranger,0xb0219849acA3e6BB97cbD3bF5Bddce9C32E16DF3,22,0x275Eda0eb767200d86f5fD6De810D04F2fd5a139
Vaibhav369,0x938D4F2812AAA067059E6B5a3275aF3291fA20fC,3,0xe1FCE8677E56AD1EB7B0Ad6EA8DD31574e564087
ZHANGKAI,0xC4cfF72ceEd42181Cd695B3Fe58fDEF8dd4A3570,3,0x87b23dFDB0034FCa15608707B8d6fbE751632D9d
whonose.nft,0x06a207E260aC4eb10741dC1930aA554905D7e193,22,0xAA20f7e1841Cd90F99374eBbA0A9F0E789Ee686a
letmein,0x30ae89E71B2E4d176Db11581dc08260E689Da848,3,0x28834F2c5643c7D490f51Ca60175bedA7729eC89
NEEDwant,0x9a09ef13a5e89235484c1C3F7B934D8D5A9E8046,3,0xA5Fd8AA778a554A88EcF80d5545a59D1892fF3DF
mustardseed,0xade7831ece1fc18e2846bc0238b985e907fdecbb,3,0x0407e799B5ec310f37f77E11bb559bA9AaEadf8c
Gussy,0xd2ea666e11c5322DA4B40785958545E14bE63e01,3,0xf25842D3AB2D47F0e389824C2778788AaeD990D0
wilsonz92,0x07B56518d8867EDCb07fE8807569e35AA4d2a4da,22,0xC2e9312817E2354643e031033ff4ef5a08cf7888
Yeeeet,0xBC0a8358507Fd406Fa97ec82aeB6fA057e9603e9,22,0xa91d9ab328779591e999fEcd16816AbEDc85B7FF
Dayhay,0xa555cfA4dCf64B84d16aE90f99904C89016bbEcB,22,0xc78308E117E7bFeF9ebffBC6ee8ff75E3EfD9830
jessnius,0x563a75AEc4f405c10095a6E715365e7E43A0AF9a,22,0x407426F1429B6AdEF4D3f4AdD2bfD7093dc53b25
clancy,0x0eC804C32F79E5Df24D509E4C9c79d722167fF1B,22,0xDE80d1A0eC1e79068DAFaC428888ca481A6c7A8C
bubbleboy,0x87661b4740FD1a6ac45a927079E1DB09827dA4bA,22,0xdaE386AeB8848cdaFD00F2C045516e30222571DD
Rofe,0xcdaf85530e5e15b7dbe8febdf3402efb47d0170d,3,0x6F69F79cEA418024b9E0acfD18bD8DE26f9BBE39
Jdog,0x4B038bE6a97c5D7f516F3595197A22a0248d4c73,22,0x638b2Aa3DFc973c9dc727060cB54D7E39541B7F5
Yandrak3,0x4c9A65Dc425f512e4b4B57e47fd760a0A5123bD4,3,0x4d91838268f6d6D4e590e8fd2a001Cd91c32e7A4
hmart,0x2B7FfA8004cE94adBa5547808D9eE40aceF1F700,22,0x58A2884d02b4A11D38541458e4D9128E32B29798
GoldenLady,0xabFc227098E25dF5B32Ea838e4BA8FE59565a5DE,3,0xC8903A1BeB1772bFad93F942951eB17455830985
cheng,0x0Bd8C2993520F8AA4075fFCdf3b7b460346FAa2e,22,0xd4A6A2C051B0accC694Ed324cab6fd82ed52821B
yapperz,0xb113eD474962d395F1E79458234D52677dEd33DC,22,0x973322F3f3d6eA384DBc5a1736C4B1F57Cc6db9f
Atoza,0x6d6a605bcc6d81d0dbbc3fb124d0d89faf9bf311,22,0x3E17258A44f938Db9803c18c3c762653F5a23E54
su1cide,0xBb1E1eE6Fda556f6290a8ed6A243AEE59F56C2F8,3,0x064E2E9c7df51861AC4492551BaF1fd6E3286074
boluinftcollector,0xdf89721F3a143Ab66781ae659f991e76474303b3,22,0x2Bf47c85FAD325Cf9ffb55069Fb889123aE9849D
NhatHien,0x22525bAeebD350852913070C2ba57a6CcE989c2f,3,0xE256bEDd71768A3f9b87516c5e05dAFdB2970f2a
NFTLUCA,0x7E55D63A2eCC7a13F9D7C561A17E17908Ce09F79,22,0x42F85F6dC06EB6fe7EF607aC850fe633FFAE221F
Ewoo,0x794662108B07CCafC7276589bC4fd3fc02f9Af84,22,0xC72D0fB713240904A64662DaF7545ecE65A68386
Mojomofomoto,0xD91a59e45ebb5179BEa3901ea504eD2fb099f62d,22,0x410D16DD3feE064AfbfD9b14173B1435Ed6E9A67
cipcity.eth,0x82466928c6cf6984b723a653b3faa3e8206e09c8,3,0xdEfA3Ff4AE9b111a3ebAe5a1Eb16C0F0f0FB75E9
fomobuddy,0x3DBb1cF2f7820B5e6107bA2e98Ee7A9f69154aC4,22,0x355De3bEC88648E793B1A624Ee5a7445fB2c2D6e
Lvond,0x255827B327a61C72e25D8058e2a8Ed4eEdAd6621,22,0x917D6EBA229425Bb917ecFfbD821dF6B199d9591
777markoen19,0xc37e705f34801896121B2Da24327332Cb7DC2CA7,22,0x230C421a455088bCa15121aAEC6e5227c3D44DD7
Sacx,0x0ACE7Cc0F10C2bF796bC2Fb1bb80e1C8847B0567,3,0x4ba6d611779E2b9a13fEa63736c2F80739AB3728
lovv,0x12d9C0C81eE237C5abd5A778d36da20873cdF7d7,22,0x6DDC09C03fc5827bEA47CE78401B15374Be9F34a
EliDerEchte,0xE3f81888525FA7949cE39cE477a85dC892158480,3,0x43cDf87f7eD22E243E6324deB283dC86deFA89BA
oebanana,0x9cdbb9148c29edb49829310fb0426e5302d8c526,22,0xFc1953FFBdc5F89b9231E8aF9D304eb011F09E1C
jr-2,0xA259CC35d2364F7C625859816D01910084cEe181,22,0xEAF5c7f6b9D0fbF0E871803041F29Fa11f0f3c98
MeanMachine,0x4Ae52AA89E9b36E25Fe62bf87C0E91Ea9E3A2276,22,0x1126f90eD9b63103EC6E7a54335Eb37B1c7aEBeb
jfierce,0x3edc863789a36f508340ea3f2Aa40674139cF5B6,22,0x6F957940501813Af1088e5c3CAcd65Fa9BB639Da
tjfoo,0x05523D7C6f5b0E80e4C70f21f51A1f1E03525C98,22,0xA4C9ABe021D9079eE37D1C95A99d30FB9f783b4d
classicmitchup,0x3265A39fa1bDD28b9029568208e3cb4639Adbf3e,22,0x5D8D277Eb3D552edc661E5a8073E40eb128454fB
minse096,0x9F29097fd491FB9AefC02A6F490F5A7E89B6C5D2,22,0xBF7F859aA324FDb7c481C4f03394CbBdC87Ba342
glaslu,0x2B2C869539188c28c202D086fE99c554493f72DD,22,0x9319A4fAd03bBb571eFcA0d2A1703c3F0C5A13D7
7up,0x8B078D0cC0f3b67f18c0877cc20519b04a427aBE,22,0x78F99cf21a5f309E053bE29502343d890f13bC5e
Zenavi,0x7fB98De44A955dA8D0A260433E4c42abC4a99d13,22,0x08997962Fa30e938AA232bFf109dd02D5a9e37a5
similar_squash,0xBD0247706F8486aaa6B372d81Ab4b85f6f4C57EF,3,0x3326AA7595DFeb4aa163391Ef49fd8e7DAD771dd
balakutak,0x4B2A7123aB809670C7989A58b2EF8338028C791f,22,0x8A67056B5b816E87c9a02134ed0BDB88e7176830
RuttyMcNutty,0xEfb05a24D2F10A9aC7D819372C61Eb700479acAd,3,0x4CADb895719CE44460C9902170218811eC648315
Lacsboul,0xEEC520A20702bC4061BD68362c562081AA89D7c9,22,0x09B167622a5DcbABf6147FA624679704347657d8
aseef11,0x3D9f185369eC7A6fD1be7C1B9f828C9C35A862Bd,22,0x2947025a00F8CfA01a5Fb824bd1E98e129F178Cb
fluffypanda,0xF54f8e768FBf496ea0Be12aDfA051984A98aCFA7,22,0x76288BE212C272dd56dc9A73f1A25d2151Dbb2C8
Regi,0x13679903a03E07ae7Bd8f80E14b135D168CC8F63,3,0x04D253FbDd4501C383e35dea2663a053B7439904
thewolverine,0xe4353459bea4b3942e47e93c7e75448013609f84,22,0xa8ffcfAb1E222a74D8EF62703FDE5c90262a875e
Kent,0xDE4c6E0e938a42eA721D5633B10F8Fb7BaFf7519,22,0xcBaEB4E1496E85EF3D99E28BA809dB4A388E8382
blockbird,0x6B67623ff56c10d9dcFc2152425f90285fC74DDD,22,0x66d82Cc14Cd3115C3CA30A0d716863E720F4B555
blank#7777,0xE4bb6F84e5353Ce688955d1a17A6a3E3f4Cc1106,22,0x41dB21d03a79663D74d35D1a87F7536B99e1C006
CryptoRocketJoe,0x8CBc7327B5FE2Bce2C69fdafd58aEAe83d349Eb2,22,0x22aDc4d8EB9aa01D85F7E2056397580D9294DB10
sirkachad,0x071EB5a8aEe97BB37396339bbC6Cdc995De45519,22,0x76a2f92bbdc074144Df7c94D632F59E4553aEF3D
lunxrs,0xcb6cCc00464119bA0f3BaBdf0AAB9E54A86546CA,22,0xbc8492a5815218920b0C28Fd558d427D77C91aB2
dbque,0xF9EdA90b87FaEe8a1f9bAA1bBfe7Def86997A97a,22,0x0f403e5d69dC3C994FD7109972bAC306193AA466
Unorthofox,0x0D31b3D8831B33305BfEc2676e19d981241a5F53,22,0xD1D9769a2CA8676028AE21fe327ea513315e0efc
foolishgal,0xF71eA421c931A5fe80C8E7eB13c2565aC0887749,22,0x44EB3534be29c36dd4fA64A43aCe64520Cc54b53
soymilkshake,0x7706ABe0D94E08dD0375dC3d0e997D5680324E38,22,0xaC03FCc8fF62B3a3427ea2657CB4b78436C9Bc5F
Eyeseyes,0xEEa8e8DADb85CF9774F4201e1942736063e96f27,22,0x7A349a913243C84B428CCAE73f1a6636235B151a
Cloudboogieman,0x0C3Dcd3053891421A5E3c07F5c4234932bcd4EcE,22,0xF58dd29d223f9f52943Cc72bE4426a91F45b1E4f
Paulnotokay.eth,0xe966c1e81b70920293c123c81994ef5fc19f8d35,22,0x3462d4f128E214F09a5483aB2613FbF13Cd4e57E
wee,0xEc8E08dA68e0d9f1769a45896c4fCB2bBf5B8756,22,0x7a27EAb6F0f056210e7145B70BF4954b5E5586D6
SaintZu,0x0E95EE3a584D95cE952F31B042Ac0d5237644431,22,0xc1439E2A7eb64DE0223287a0389Dc865F4d909E1
Starseeds,0x1fda7B604B04fEeFA46eDC1579eb13614cf3Dd38,22,0xC72D0fB713240904A64662DaF7545ecE65A68386
BBA.eth,0xd3AefE3c531E3E2eB0689206E7D495843c943550,22,0xe3B2a6f3c4A3ABD0d2E1e0e209CFC82c07b4FAC8
akinosan,0xa07F4FD35b980cfbfb2F1efC83FE3F99F76546E2,22,0xE9225f057A16F600C4eE2b6C169E93534381D0d0
trekker,0x3Bc4e2A23F3Eb0A13043A0DcD9De062905acdD00,22,0x7E4a82326dCb5f40851Dcf67b145a3ee68Fb1d19
CJ99,0xD7bDD2B1A6Ae8CA9A56DFa3428F3Bd5EA5C37F79,22,0xafB5b05AFB592fBA50d094d294b3Cf3F0cBA93a3
siacongwe,0x211527294058bfF1b828729Ed1ED3F92E60fB9f7,22,0x93EB95Dad68De034fef03dA64FFb3a70DF563A29
mickross,0x37D27c00FF4d9B7f5DDDf877cC14E7F919A6490D,22,0xb197dC47fCbE7D7734B60fA87FD3b0BA0ACaf441
preeti,0x3dD85Df5A47b2b4b043a0F82555bc9A3DBF7EB5A,22,0xad045667B0C34371FE6bbdE27b9e435bC0147673
quickfeet,0xD9ADcc4b8d9aD089f262C0F322401B944cd43231,22,0xFe5573C66273313034F7fF6050c54b5402553716
yourmomishodler,0xE4bdA8c68870c602C67af7EB4D75d452f49BF294,22,0xB66190F67ed8f0ca790DdFE541ee1Bd0dA53fe70
Aura,0x440b4a49248F25a9cF514aD8c1557CbF504ED5C4,22,0x97dF501354Ba30868c93Ffb113D9CE675c7e5929
StrawberryMilk,0x2755Cdb774470DA28bce3658354435b5a9039cFD,22,0x247E0C58c66235a2599e736a24F3ce0b5C651eD0
onetwoitsthewu,0x9243391eb953d25228d5845f7514952edcf12958,22,0x1981B16D956AD44ceA806f6B138dD89bD0878E1D
loudsqueak,0xC46aA1c8eCd21ECed811EC5B93Bef4aF3B54597d,22,0x1e8E95cEF28E094c461C26545fab6E03580664d1
E3,0x013Cc659FB6f3Ec4D13D99B27a0FC6CE1b358920,22,0x954D9f50f27B8C78aac029fA5c43a6c2527C7257
Reckoner,0x5cF64E698f8096BC38383D172887891FE14d8FcB,22,0xA9A019eAF3120a06c7C91cA1cE8B62f0C696c94e
BashFONGs,0xa08567714D8B55bBE78046DE583D4e050FF72F98,22,0x6Eb5f7C3Aa91e974bE11f23CaBD3532458070CB9
Doctor,0x5d708786dBB2e603A6De1D1324a56682e6b2DAB1,22,0x81dcAB1513d88478a3536348d6d7560f2d8762a4
ninetythree,0xebdb1B8AC6aa04E9F3A867a9B4BF476cf5f144C1,22,0x3139Ae1e819E60F3284Ed60dbFc1F3fd96A3DedD
RelicCK,0x3f3E2f43f0aC69f30ec38d3E4FEC304bdF330E7A,22,0x75c2dDbd84263E052b8dd2976CddDF9dac5B18c8
TopHatCat,0x3635B3d38B971ED37b17E6E1Ac685Af87bc8d930,22,0x61b3B510CB4111F0dEC2D3221D9A471CabFFA956
Banks,0xA8dC3924fC27CD2f5430b337F600e2778D14f765,22,0x0C54a765C77A88D9CdA0BD7ad9B10422848D92Ef
Kryptonite,0x686A488e24eA91aef08d92bb5859991240931D82,22,0x6c10E56522cafCAf220A9e5bb666E1D84102AcCb
marcocasino,0x5F390341786Ca439CDF46A3d1536ff4AF1996849,22,0x3DC18897916e4bA54b30293E922232DC44c82fb0
Kellybass62,0x288E55B2F3AF18e051b3D4840c04B24C40867E32,22,0x3FcB38cDB5df1Fe3554A28f94BC674b4CFafc900
AI_TheAnswer,0x38a48DDF98D3d6AF7fD46a692265D72515534525,22,0x72185b9f3c15a1e98eFfa3F25C06186CD6Ca201B
PEACHY,0x3c03f4ca78c7ccc5622a07ed7a56f5d44a3c4e6a,22,0x714FdF665698837f2F31c57A3dB2Dd23a4Efe84c
guynextdoor,0xa4641b9eEB16b1E2456F0e0B55841bED6b150680,22,0xEDA4aEabaE2d559E7c5aEd03CC288bBf44A03134
simonmavin,0x72907F0365772b8Bb21cC71f69eDBD034e05cEA8,22,0x34b2DBf0979B063f75DCC100D53607a72C595c00
russ,0xb1d17F5d3EeB25d9f54253B5444D5DF0901102d2,22,0xAc634Bacc1576edA66C710b6a5E42de3517D932e
happynothappier,0xc8b2FF063B851CEc5eAe0ae4784a9f83aBB9b200,22,0xE34133362298dE9c9FCe047C39039B94B56fbE29
Ben Shum,0xe670f0369D0a7bc7eA89D06BcD7174df4BE7EB16,22,0xE28504E04E490b40F3aEcAc2017317F86e41f3b7
Sam Ludeman,0x8073F277eAd3b58a02a42Cc4727d44cBF262e6Cb,22,0xe66e1E9E37E4e148b21Eb22001431818E980d060
smir,0x0f91aBE25a806EB2d6248e56bB9F789218234E2e,22,0x71dcB19A6D322C9D826aA6b61442828436Aa6fb2
ulluboy,0xA1f86366168C16f03e4114899D758299B184dcc6,3,0xFEcC15F721386A5a7C03fd1F40BDf69395E5d4Ce
Interdimensional Cable,0x94E59547b8C68924380C90E729488f3E79FF8d22,22,0x88DE3dfB4b5D2990d014c525A43CbD38864c9d50
Hahnster,0xB3879479eC82638e3c5E4247678eD6fCa771880b,22,0xEc3BaC4DdAfE395eA7c1043548D73cF9DFE7177C
Loki,0x11158bF52B765d79f69B17FC509A678BCAB7a0a8,22,0xF9382a78eD5E3Da4E64A4ae840a7995b2213585F
MarkTheHabibi,0xb985CCd9Ff90Db256b15F7FEeCa5A6040D734597,22,0x505C596a88D8cD340FF1e3E61429B570DA4C71c9
ransyrocket,0xCEFcDBfd67D70C091a4a7a4696ebBc94c06B832E,22,0x2cCC5e98E7Ce96321752beB10eB3f8b8af5EFcf7
JakeAndBake,0x5FD2C02689d138547B7b1b9E7d9A309d5A03edCd,22,0x65BF731F6e78db753372c287B4ad83F0761F2caA
DorthFader,0xcfc65EBDCD6b90b9036913971f963e8D9d83f37b,22,0x2f149756501C387d9254A93F1a7AC674562f0A39
huddyboi,0x0D78579978566EE2aCf97fDb2f37602C801F42ff,22,0x5f08F3e687D907b976e1E24435b093d577982c74
Nýx,0xabFFc587Cf9B63FA428e0d197b1E44755568FC30,22,0x8BA08f0E54fbd2f5Fa51424407ff13fD172c3f5A
BlueSkyComing,0x2E2370489903d7eD48f4CdC00322cd66A4757723,22,0x2Bed5FD1D5C2919C23f5238DC9Bc61fC6f7ab635
Dylan,0x6d35D28D98581288A82273Ff302aCDe34e20b1Cc,22,0x78b8A76BEa31733777556033e2a116df66C4C41C
Inspector9,0x810657D67c68CF7299f7EcBc321b293ee064C5DF,22,0x03373Cb0cE8b25fAa5aB9D0A5e35A032E20D588e
LxxxLxx,0xE3f438CD5C6cd725b30E61f5c2EBD8eD6F843B81,22,0x1e81fC49f8eFF03903F706BB631bdF01003F5d24
kevinsusanto,0x1783E9F68f503C56973fC7dE7965Fb0fed73979b,3,0x91A73bf600F409Bba7Bf7541b863B4437111F199
jejouw,0x841a0ef611267a3e2700f5747b2d43b4e6f28a57,3,0xAb833E38a35164C9eDAe07b9747ab6d32434BeF1
benzbudiman,0x11b85260a3d5a59682e8503f791f6181e0e8ece7,3,0x55416DB82266580188EB2e5E67fD817fa8123246
skevinc,0xcaf8713c360ff0d16af8f7af46ede0077c8fd8cc,3,0x130B4eF4294Bf34F638dD260829bb8ED383e3BE0
BS,0x0cbE76944FCF10d73d98F6935590c67400d5eb79,3,0x3d38269F8D9De58668e33AC2eB5738731A2235d2
rvotic,0xBB8CafD57Debb27ff8f39c7dbd7877Fbe04e9792,22,0x83b0F6e597b7075157B01EecCf777BDC61548a19
luffy7,0x2e97778b97DB81b62eb64103813E019F353537cD,22,0xEdcF5D6dDc5C8b64dd6927caB50a5B7FB3e50aBD
wearelivingart,0xC73787Cc2b0CeEafA4ecC1712Ab763Ce52d07435,3,0xeD5cEdc60d03b75fa80354D1d822742A07DA5088
Kaiser Gigas,0x45698cdcc733cba4f8b1150c2f580587adf1df92,22,0x8fa6648B2F2CA808fA1bc46C572fC536EC368A23
KhillaB,0x2C50E93DD05594c81974cb1AD900349588d4fC14,22,0xeFdfb22c09DAD726371167F6650e5c54038301a4
alexdotlee,0x7ef4121748730BF53D8f723bc42cc6d27B43A788,22,0x7373264379A6a8CB201Bf8440Afe792319B46c42
jessicaweee,0x31e4a3EF430A729A133483AC783963CE41ceDa3E,22,0x00226c488836DdC32F4bF2875167b7d94c08b281
cod.ed,0xCdc3821103c9f9fB90abf927598F97411a5deB65,22,0x3Df247410a3124e1DF713CBB08f16F1E86bc3d88
Megthorpeart,0xdbefee517025559e7898d3a48f18221c32d3fcf5,22,0x47a4ed62364e4716c58Fe19bb124a1f7f2DD89d4
Awakened_Monkey,0x6a2Ebd6b63Dc3F8cCd1f91292Cefb07255e01c86,22,0x95452E04257c30A3D0d284420FBE589Dd0b3160c
BlockDaddy,0x258bcAb7Abc959D033e588828916AC45c0ADda86,22,0x1c2E4b068f69A46d8Cf7995db90D38428163B979
jjae,0x94F76A10B64a7b324C0Af6412C37dF2aC4d25177,22,0x64Cd629E020Dc1131Bd18B7a80C0656341D89038
PhotoParadox,0xfb8c9c42b9ba4502a72b0ba1bab35640f44c2dab,22,0xe4013B5bbA21556CC1f30A581CB0b5D0E98A56b0
BishopGains,0x41955ab7d12F9F6C03de972b91d9b895D9c2EaF8,22,0x7B9741d05985cFb3318c977AE044984EC219ec67
djune,0x0940d80b446f303a98fc596cb401e9a966b55022,22,0x343138BBc486B93bc25Ee23D13e286e7c00D5Dbe
Sankaku,0x8A5faDc50cdFd317bCFC2b25DF5c53e6fA2898c1,22,0x43aaB9E3d38d5411cDdAbeB0453CC0557E9f9Ee0
Ruzmim,0x310570401531CF2c50f5bCB0D6c057a7Be886Aec,22,0xE48934b8fEb7d711205cD18a086b5eF0428bc3B0
JPHPPC,0x4692619c6580f10AA897e6D1ba725DD58121Ea6b,22,0xd26E23aAA39F29e07b299DA734C77765F6866A0E
joben,0x6c386cC632915a95Af78923983e22D0c529Ac9C9,22,0x5E451B2D167c2A8FAF0A8B23cFf27996a28F28bC
musubaebee,0xF3E28c0caD09E36994CC517Ed8Be41B7A4b67789,22,0xf10944D1460c3820Fb2E144cFd6C3426B5Edc533
Solaire,0x004085A545E8c37aCFEFce46FDA4Ca107e31a087,22,0xDba2b1FB866AFb98c0c94a15292e71917a9EFc9e
J.sir,0xCabFa9953a7d15e9e199631D85DA85d4715E75c7,22,0x5870F14442fADe3f06cd277D22057476Db38dfdf
Vigil,0x303c36E5c473bF36Bf643DeBEb61C68f780641Aa,22,0x3aEBcF1cff75b70AEf371A0e9A6e0FBd0A824190
one more hash,0x89601c127395D185f9B40FB53F53D5cf432d1fd1,22,0xf5b6F869D96164c323C12b7ba8739B2fb20e8EDc
apeRothko,0x27Eb78C1Eade6fc040d25b94E7acf6BBe0689F0A,22,0x0768bF934066FEf1050D528c6ec76ee088923e2d
Bunchu.eth,0xc57b2900F3AB9b9BD4FFCdB8174Cd7665d0dA8bc,22,0xE9225f057A16F600C4eE2b6C169E93534381D0d0
roc,0xdcf5bF70535F3680a5AD5E16Ee485153546E1ea0,22,0x73a28A20ACEa80b943F2bD478A95440Eb45b5b51
rumoursnft,0xf3Cd476B9066165EC9BA0059ffa780F6D4f4CeaE,22,0x911Bb65A13AF3f83cd0b60bf113B644b53D7E438
MZK,0x2da8bc1b221e2e89e9644b7a2782fe0a7798be55,22,0xdA28431f8c060E2a971209e29d0Ad1dFcC921746
The Last Crypto Samurai,0xf6265b4ab16793f8eebe565ec34cc7f5d18e13d3,22,0x48fcb0e61921D8480A63d82926D3Ea80CC0D94d2
kapitán demo,0x6FC3539ff958a5F17AFcc6e1459099485c32322D,22,0x9d09873f3378488526f627BcfBF2Efd348971FA2
Jimmy,0x315BD7cA72934502B4a4683D7F6ba9fad1362473,22,0x6f9cFAccA63145c906fAE462433Aa1d1F147eec9
SethBA,0x8924ac1196E2ae89603925B6e001Dd14E3f7fDFf,22,0x2Bc422100D0454660eC036Bbc6b140d1cC1319C8
beerad,0x9ba7dbc966718bd15827b2c7119c059cd5e8a517,22,0xCC86c675Ac9F00E440F4F80B6D27b881de0f128A
sourpunchz,0x9043f33640f5CcecaEbdcad2d6f2cAa6F2968d37,22,0xe46243851172880d9066CF99009A301b7D67076a
DangyWing,0x26c9Fc612b005781127246BBc5dC39f823E3106E,22,0x8BE62F79Ea0Dc4bf199Dd65363683Bd892E17f66
plaaceyourbets,0x02B56B480FD9350fC83DbE2918A76C60232b4001,22,0x23ADd148506A8a9491F907a2e9721DEb34Dd5019
ernugeni,0x1005ef85edcc2f9974862cb8deeaeb8d472bc5ff,22,0xA4B2f8D5876EcbF976d7e983C9C9B418B21e11ae
Griffden,0x7f397c65C84b5d3e376cfBE51072AB8D0Bb3eA81,22,0xD77D92f3C97B5ce6430560bd1Ab298E82ed4E058
ttttttt,0xaa422b357a01c217B43ad0D46A6247D437D43805,22,0x6c098e046d457E4dEe1aAA567BfdE86F39ebA3aE
Nickolay Andonov,0x6026108e2e6dd0f6b7cd0a0d4abb84f98e597fb9,22,0x15Fff7c1231d195fa7b0F589012169e0877F2eA7
voidMAD,0xB1Ec4B207caA4006CCf15ce0f55Cc89d2d55c0c5,22,0x2E6d1Af99C10cac1Ec4389e86a90c710D7c10b8e
MaxGoldberg,0x804C2B74a701A72C3239e3C3d304Be53aAc9d541,22,0xF980e8272234174Aa39d59C2D542fC51362e8701
Yamster.eth,0xd81aaEe1205BFB271BF9eb2da4D596316D9Ea0EC,22,0x386CfD04C08F165D5055D2fAA67ba63D68F9bB2D
Bruce1,0xA4E17D5A12078ca3a7Fc470F60eBF2cE64235F8a,22,0x1b8644172900d71c8A58446e19731114641c6E4d
Proportion,0xCF803a49F6E37B92A4040e397B976939dc5d9841,22,0x361e8ff276689F476B9B942a67fD2ca69649389E
Skypilot,0x9C991684F00F881868D156C20DEf10231000B747,22,0x6D9cED74363B472efB09F203af72B60c858E966F
beleevens,0x4F1c249294F87E8Bed08e8f6052A8698A5dc2730,22,0x6c10E56522cafCAf220A9e5bb666E1D84102AcCb
Joshhhhh,0x275eda0eb767200d86f5fd6de810d04f2fd5a139,22,0x5Cb6827af672EA59275BfA407587cfA1E5a6F43C
Probably,0xe1FCE8677E56AD1EB7B0Ad6EA8DD31574e564087,22,0x9161d8A046136C6ceCBBD24FE71D12922e8606FE
ls,0x87b23dFDB0034FCa15608707B8d6fbE751632D9d,22,0x5F46Ac0fBAEa7Db71Eb7096cBD808379df1C406F
Rusch Meyer,0xaa20f7e1841cd90f99374ebba0a9f0e789ee686a,22,0x34F9295f12B58FCBe4690bc6C79C2a8e23452d22
jishous,0x28834F2c5643c7D490f51Ca60175bedA7729eC89,22,0x99396403B974d0477FDed18e61865d9ED39f4bAa
steoniy,0xA5Fd8AA778a554A88EcF80d5545a59D1892fF3DF,22,0x6979E60522E63807d7f4047e79e38a3a77199302
NFT Hunter,0x0407e799b5ec310f37f77e11bb559ba9aaeadf8c,22,0xE3AEaF39D896b8ec38105E2900B8303434e77BE7
kithink,0xf25842D3AB2D47F0e389824C2778788AaeD990D0,22,0xa027bAf2E881c243cf27d1618E48a13CB4c7ef59
Nasty_Buddha,0xc2e9312817e2354643e031033ff4ef5a08cf7888,22,0xa491C807E7Ba1a2cccA35f6dAd5610682599da0D
cif,0xa91d9ab328779591e999fEcd16816AbEDc85B7FF,22,0x42A5A68e6F15c8DD0b86aeE0fF7d81CEC18b62B7
Truffaldino6,0xc78308E117E7bFeF9ebffBC6ee8ff75E3EfD9830,22,0x83c537f17ac83754a1864f60C712a47b0B2F3928
Thumper28,0x407426F1429B6AdEF4D3f4AdD2bfD7093dc53b25,22,0xeDFdb8A3D4876E94e9C285Ab891417A7BbF20b4A
prospecting1,0xDE80d1A0eC1e79068DAFaC428888ca481A6c7A8C,22,0xB454e3001A2CDe11D595939210D60E8B44e58421
GzTheo,0xdaE386AeB8848cdaFD00F2C045516e30222571DD,22,0x3b15514BF0DAf1DcDeC59b34B0Cd231b9aB85F58
cap,0x6F69F79cEA418024b9E0acfD18bD8DE26f9BBE39,22,0x5C0b04E0f56A5ccBA7C1B7700C62c7212fe00257
esren,0x638b2Aa3DFc973c9dc727060cB54D7E39541B7F5,22,0x8FC8eb6f70F6CF9196AB30a8B267a7C22D395a80
squareframe,0x4d91838268f6d6D4e590e8fd2a001Cd91c32e7A4,22,0x22E7C8755B84F667F8c3c1870De96e843B599bAC
slide,0x58A2884d02b4A11D38541458e4D9128E32B29798,22,0xe288a00DF4b697606078876788e4D64633CD2e01
moodster,0xC8903A1BeB1772bFad93F942951eB17455830985,22,0x242F9Ab2baD00f133Ea7c79f6EfBbD2F36691b02
Ryan Carter,0xd4A6A2C051B0accC694Ed324cab6fd82ed52821B,22,0xdE4b72239F6D6E2342CBC48Ca8FB04E05A25f1c7
ikuraru,0x973322F3f3d6eA384DBc5a1736C4B1F57Cc6db9f,22,0xFedD3D6e6d13B75Bd349F69698d1B83413ac7dF5
GOATz,0x3E17258A44f938Db9803c18c3c762653F5a23E54,22,0x8d7bBFA0506ea95c73d864310818ACc3e5Fa05d9
Lithogen,0x064E2E9c7df51861AC4492551BaF1fd6E3286074,22,0x0228176388579EFBe0Bc049Ab1DC73A9E069f683
Puroof,0x2Bf47c85FAD325Cf9ffb55069Fb889123aE9849D,22,0x6199f8b551af1a3Aaf9Dc12A0491D91999282216
ago,0xE256bEDd71768A3f9b87516c5e05dAFdB2970f2a,22,0x0f0924A3a5111e7987A23a49Af826D2Ba431342e
richard,0x42F85F6dC06EB6fe7EF607aC850fe633FFAE221F,22,0xe9B7092940B4631c87e406EB2d292EF9a039e4Ea
DeanJames134,0xC72D0fB713240904A64662DaF7545ecE65A68386,22,0x0206171CdD913Fc2df3d1B084291F424Ef680d94
ggclx777,0x410D16DD3feE064AfbfD9b14173B1435Ed6E9A67,22,0x605519CF79a14018359F42BE1edb571e011A0905
IeMVee,0xdEfA3Ff4AE9b111a3ebAe5a1Eb16C0F0f0FB75E9,22,0x84ead5E4aB1008Ec9D1f22201DE6F2f94dcF96B3
NFT_CHA,0x355De3bEC88648E793B1A624Ee5a7445fB2c2D6e,22,0xEf88648a8853D17BBCCEd27912fe1cC174391D7B
wenreveal,0x917D6EBA229425Bb917ecFfbD821dF6B199d9591,22,0x386ab1E4c7113fDE0217cA2034e5d07EB7092365
Dazza,0x230C421a455088bCa15121aAEC6e5227c3D44DD7,22,0x41332e61BEDDDC9c23f463eF5da4ca9125F6aF3F
FunGuy,0x4ba6d611779E2b9a13fEa63736c2F80739AB3728,22,0x3765240be64aF984bC5bB3B6A2988e431d668f6B
LeonChen,0x6DDC09C03fc5827bEA47CE78401B15374Be9F34a,22,0x18A3ab483094943E1118C5EF237157ae940543AB
Theiceforged,0x43cDf87f7eD22E243E6324deB283dC86deFA89BA,22,0xA8652526111e3f5a78b112c3A59f0e7593033d70
Jagdip,0xFc1953FFBdc5F89b9231E8aF9D304eb011F09E1C,22,0xa481DAfB17D244c257f08559A7d89fDD66d3A9Bc
Cian,0xEAF5c7f6b9D0fbF0E871803041F29Fa11f0f3c98,22,0x8f8eacef7a5a28FdDeE9d60690918df01f68c48B
c01nboss,0x1126f90eD9b63103EC6E7a54335Eb37B1c7aEBeb,22,0xD723127B0C9aFF7B08A8AAAc3F6B95D0716926fA
Kumobot,0x71dcb19a6d322c9d826aa6b61442828436aa6fb2,11,0x79a555B77F09C3de481C4b412c14C25Ea78C79b5
Alpha Rhesa,0x6F957940501813Af1088e5c3CAcd65Fa9BB639Da,22,0x35C4d50689B20d61A717fC3fA1F35317f7518B32
Runa,0xA4C9ABe021D9079eE37D1C95A99d30FB9f783b4d,22,0x3Dadf855b9E30e63Bee10ec4D92cbFE789E5F8A8
Raymond_Eth,0x5d8d277eb3d552edc661e5a8073e40eb128454fb,22,0x3F6a4cD52CCb320686B5d1a854c7dD32d4fB94F6
c___h____,0xBF7F859aA324FDb7c481C4f03394CbBdC87Ba342,22,0x49deB5588e1Ac5cAA0aa59d3fB3f60bCF8549746
Anhbro,0x9319A4fAd03bBb571eFcA0d2A1703c3F0C5A13D7,22,0x73ea52B81cf18C6Db256518576ba23A4e89EECda
Bersahaja,0x78F99cf21a5f309E053bE29502343d890f13bC5e,22,0x8dE7cA9753D5faFCbEe95d402C662E1CcC41c546
Repeat²,0x08997962Fa30e938AA232bFf109dd02D5a9e37a5,22,0x8D51421A17C4dA4B59d3663720B7Fd1eF3db336B
Travis,0x3326aa7595dfeb4aa163391ef49fd8e7dad771dd,22,0x53982907104A8c4e32e9BDf72ce3868eE3423db9
Bellamie,0x8A67056B5b816E87c9a02134ed0BDB88e7176830,22,0x9762dd2c12127Ac104AD18cf6742Ec95c6D3CE1B
RichBrandon,0x4CADb895719CE44460C9902170218811eC648315,22,0x173309061808168Ab41179bF117D3dfd59c527e8
pebre,0x09B167622a5DcbABf6147FA624679704347657d8,22,0xd7aA9D5E2c64982cF490b007FF613a0f828C8ec1
ventricularman,0x2947025a00F8CfA01a5Fb824bd1E98e129F178Cb,22,0x470b65a2335b8E06A82491727313681e0a8f67Ae
KevKev_91,0x76288BE212C272dd56dc9A73f1A25d2151Dbb2C8,22,0xB557CD550d2bA10A0a8f84379a62A1B208c72272
Centrartz,0x04D253FbDd4501C383e35dea2663a053B7439904,22,0xBa5747bE8Fe47a6A0853831D43f7c3978927Af7C
jaqenhghr,0xa8ffcfAb1E222a74D8EF62703FDE5c90262a875e,22,0x9f7f3dEB00685DA5CAe89C6908470c3B1D19821F
TonyPeanuts,0xcbaeb4e1496e85ef3d99e28ba809db4a388e8382,22,0x2C0D8f4FdF2F5F98C3194B4EA5F5c1D67bcC4185
JamieWoo,0x66d82cc14cd3115c3ca30a0d716863e720f4b555,22,0xC2D2B8728E5421011De67EF4a939C77a47f3C384
Dnam | PAGE GANG,0x41dB21d03a79663D74d35D1a87F7536B99e1C006,22,0x30E9Bd42A34059E59613d80E35FC8FE45861Be33
realjack,0x22aDc4d8EB9aa01D85F7E2056397580D9294DB10,22,0x30b4196CaFDacE157bcABddD9476102993bdEBc0
the atom,0x76a2f92bbdc074144Df7c94D632F59E4553aEF3D,22,0x95c9aAb3ab4595F699108fd796f50c9b2285D889
KennyKen,0xbc8492a5815218920b0C28Fd558d427D77C91aB2,22,0x21507b0080467a1f940F861E1E6A7e4f167C3608
farrispink,0x0f403e5d69dC3C994FD7109972bAC306193AA466,22,0x01530a1F56d1c98F9edbd6C3a0276F220856fD3E
Coleako,0xD1D9769a2CA8676028AE21fe327ea513315e0efc,22,0x5C3F547d75Ce61B19AB81a5A873d2924cB25CDa3
cheadleheat,0x44EB3534be29c36dd4fA64A43aCe64520Cc54b53,22,0x681dd11aA7aDF3b4261Ba3547d3F911765Dd5Fe5
PaChewyChomp,0xaC03FCc8fF62B3a3427ea2657CB4b78436C9Bc5F,22,0xB86BB522e777B62Ef83E34248f1B6DDcfb58fd0a
Snkrz93,0x7A349a913243C84B428CCAE73f1a6636235B151a,22,0x9daea748b52acd41E055FBb7E3985625F080b7A7
Wantuan,0xF58dd29d223f9f52943Cc72bE4426a91F45b1E4f,22,0x877a0762FAc76005816618CaFC62223a9689a6Ca
Ali An,0x3462d4f128E214F09a5483aB2613FbF13Cd4e57E,22,0x9f882cB17b6A3F53fE0B65A9B3f73BAc68a22468
tomscratch1,0x7a27EAb6F0f056210e7145B70BF4954b5E5586D6,22,0xCac0408615E5DD8353efDB6Cf48db0Fbd1aeC2D2
MonsieurSeguin,0xc1439E2A7eb64DE0223287a0389Dc865F4d909E1,22,0xa9af9a1fBBa35F0138D959bB95FE3399A3d8B158
DeanJames134,0xC72D0fB713240904A64662DaF7545ecE65A68386,22,0x57277C61aC709fE5Bb667541E2A6bd0b587aE139
GABILETONG,0xe3B2a6f3c4A3ABD0d2E1e0e209CFC82c07b4FAC8,22,0xc5cDDfa458fEEED748B4A1c6376f40f99691b731
beermagician,0xE9225f057A16F600C4eE2b6C169E93534381D0d0,22,0x67dA7F1b898d6Cd0351a176299C19465596c8450
ronniedcky,0x7E4a82326dCb5f40851Dcf67b145a3ee68Fb1d19,22,0x938D4F2812AAA067059E6B5a3275aF3291fA20fC
jafo,0xafB5b05AFB592fBA50d094d294b3Cf3F0cBA93a3,22,0xC4cfF72ceEd42181Cd695B3Fe58fDEF8dd4A3570
c0rellian,0x93EB95Dad68De034fef03dA64FFb3a70DF563A29,22,0x30ae89E71B2E4d176Db11581dc08260E689Da848
LennyDarktech,0xb197dC47fCbE7D7734B60fA87FD3b0BA0ACaf441,22,0x9a09ef13a5e89235484c1C3F7B934D8D5A9E8046
TC1209,0xad045667B0C34371FE6bbdE27b9e435bC0147673,22,0xADe7831ecE1fc18e2846Bc0238B985E907FDECbB
cole,0xFe5573C66273313034F7fF6050c54b5402553716,22,0xd2ea666e11c5322DA4B40785958545E14bE63e01
Loft 125,0x22bFdac58FD41c02ae48aB51F8c81Aee4ee392b7,3,0xcDAF85530e5e15B7DbE8fEBDF3402efB47d0170d
undefinedegen,0xB66190F67ed8f0ca790DdFE541ee1Bd0dA53fe70,22,0x4c9A65Dc425f512e4b4B57e47fd760a0A5123bD4
soodles,0x97dF501354Ba30868c93Ffb113D9CE675c7e5929,22,0xabFc227098E25dF5B32Ea838e4BA8FE59565a5DE
Jia_Liu,0x247E0C58c66235a2599e736a24F3ce0b5C651eD0,22,0xBb1E1eE6Fda556f6290a8ed6A243AEE59F56C2F8
mirage west,0x1981B16D956AD44ceA806f6B138dD89bD0878E1D,22,0x22525bAeebD350852913070C2ba57a6CcE989c2f
unik,0x1e8E95cEF28E094c461C26545fab6E03580664d1,22,0x82466928c6cf6984B723A653b3faA3E8206e09c8
0xjdz,0x954D9f50f27B8C78aac029fA5c43a6c2527C7257,22,0x0ACE7Cc0F10C2bF796bC2Fb1bb80e1C8847B0567
Gian99,0xa9a019eaf3120a06c7c91ca1ce8b62f0c696c94e,22,0xE3f81888525FA7949cE39cE477a85dC892158480
GE,0x6Eb5f7C3Aa91e974bE11f23CaBD3532458070CB9,22,0xBD0247706F8486aaa6B372d81Ab4b85f6f4C57EF
Satoshi_Nakamot00,0x81dcAB1513d88478a3536348d6d7560f2d8762a4,22,0xEfb05a24D2F10A9aC7D819372C61Eb700479acAd
Pratyk,0xD2498B6519363fF8B67Ffc343dB23704c528d643,3,0x13679903a03E07ae7Bd8f80E14b135D168CC8F63
dagelan,0xFEcC15F721386A5a7C03fd1F40BDf69395E5d4Ce,11,0xA1f86366168C16f03e4114899D758299B184dcc6
d4v1dsc,0x3139Ae1e819E60F3284Ed60dbFc1F3fd96A3DedD,22,0x1783E9F68f503C56973fC7dE7965Fb0fed73979b
dagoods,0x75c2dDbd84263E052b8dd2976CddDF9dac5B18c8,22,0x841a0EF611267A3e2700f5747b2D43B4E6f28a57
digging.dinosaurs,0x61b3B510CB4111F0dEC2D3221D9A471CabFFA956,22,0x11b85260A3D5a59682e8503F791f6181E0e8ecE7
mirikoko,0x6c10E56522cafCAf220A9e5bb666E1D84102AcCb,22,0xcAf8713c360fF0D16AF8F7aF46ede0077c8FD8Cc
NULL,NULL,NULL,0x0cbE76944FCF10d73d98F6935590c67400d5eb79
NULL,NULL,NULL,0xC73787Cc2b0CeEafA4ecC1712Ab763Ce52d07435
NULL,NULL,NULL,0x22bFdac58FD41c02ae48aB51F8c81Aee4ee392b7
NULL,NULL,NULL,0xD2498B6519363fF8B67Ffc343dB23704c528d643