,TOKEN_ID,USER,OFFER,DATE,RANK
0,8711,0xcf3a3b5f14ab40909e893f2835904229cb6abfc8,0.294,2021-12-16T04:36:28.292263,4634
1,8875,0x9eb0b9744545746428ae65f30b8f562fe10e1f11,0.28749,2021-12-16T03:48:17.982808,5545
2,4677,0xcf3a3b5f14ab40909e893f2835904229cb6abfc8,0.294,2021-12-16T03:21:16.568321,7168
3,4677,0x9ae6d4859109c83fab823ea4dfd42843568d1084,0.324135,2021-12-16T02:59:13.584943,7168
4,3919,0xcf3a3b5f14ab40909e893f2835904229cb6abfc8,0.294,2021-12-16T02:46:01.806248,1703
5,4677,0xcf3a3b5f14ab40909e893f2835904229cb6abfc8,0.294,2021-12-16T02:05:35.841307,7168
6,8486,0xb5d8b0bafb98cc37a4e6350f2df355d8800fd30e,0.294,2021-12-16T02:02:33.412537,8250
7,4683,0xcf3a3b5f14ab40909e893f2835904229cb6abfc8,0.294,2021-12-16T01:47:42.452477,6249
8,8486,0x8ff1e2e09c236c9c073b8e237157b0e1e145f596,0.31,2021-12-16T01:25:29.353395,8250
9,8486,0x8ff1e2e09c236c9c073b8e237157b0e1e145f596,0.31,2021-12-16T01:25:24.956971,8250
10,4677,0x7749b665555a9aaeb7006ca723eadf78848625a6,0.3087,2021-12-16T01:08:17.149053,7168
11,4677,0x7749b665555a9aaeb7006ca723eadf78848625a6,0.3087,2021-12-16T01:08:15.552189,7168
12,8486,0xb5d8b0bafb98cc37a4e6350f2df355d8800fd30e,0.294,2021-12-16T00:38:13.325326,8250
13,3919,0xcf3a3b5f14ab40909e893f2835904229cb6abfc8,0.294,2021-12-16T00:23:50.990658,1703
14,8486,0x905d88e540ffc5ca8d06e54daa5a64822d4b470d,0.42,2021-12-15T23:36:02.666328,8250
15,8711,0xcf3a3b5f14ab40909e893f2835904229cb6abfc8,0.294,2021-12-15T23:08:55.128863,4634
16,3919,0x05a20556c35bedd717ba48218d1644d37ef17499,0.291,2021-12-15T21:29:01.330775,1703
17,4518,0xa9c4d3f5c478953456d4a7800e15eadd9c172e05,0.5,2021-12-15T21:28:01.293611,3580
18,4518,0xb5d8b0bafb98cc37a4e6350f2df355d8800fd30e,0.276,2021-12-15T21:21:47.500340,3580
19,8486,0xb5d8b0bafb98cc37a4e6350f2df355d8800fd30e,0.294,2021-12-15T20:55:55.077837,8250
20,8711,0x05a20556c35bedd717ba48218d1644d37ef17499,0.291,2021-12-15T20:50:58.863271,4634
21,8486,0x05a20556c35bedd717ba48218d1644d37ef17499,0.291,2021-12-15T20:26:10.094719,8250
22,4683,0x04ee710b550f94279893476a073ec749e2370d1e,0.517458375,2021-12-15T19:42:02.722622,6249
23,8486,0x23cc54c9d0063df2baeeb1d8cbb1868875411e12,0.4,2021-12-15T19:24:33.128985,8250
24,8486,0x81a7b1665e33373ec30aa4b782ffbca7e2f5b4bd,0.105,2021-12-15T19:12:47.194747,8250
25,8486,0xb5d8b0bafb98cc37a4e6350f2df355d8800fd30e,0.2851,2021-12-15T19:06:36.988643,8250
26,3121,0xbba85a43758058a36ac4218d96b5aa2491fd36eb,0.4935,2021-12-15T19:02:57.036032,1938
27,3121,0xbba85a43758058a36ac4218d96b5aa2491fd36eb,0.4935,2021-12-15T19:02:56.015126,1938
28,8486,0x53161b2593c8d978c46bb473ed9ee5f84d2a6feb,0.49,2021-12-15T18:26:27.261837,8250
29,3919,0xcf3a3b5f14ab40909e893f2835904229cb6abfc8,0.2851,2021-12-15T18:23:54.752469,1703
30,3919,0x53161b2593c8d978c46bb473ed9ee5f84d2a6feb,0.5019,2021-12-15T17:41:24.720696,1703
31,3121,0x53161b2593c8d978c46bb473ed9ee5f84d2a6feb,0.4935,2021-12-15T17:36:38.389807,1938
32,4518,0x53161b2593c8d978c46bb473ed9ee5f84d2a6feb,0.4906125,2021-12-15T17:35:26.838735,3580
33,8486,0x53161b2593c8d978c46bb473ed9ee5f84d2a6feb,0.4,2021-12-15T17:35:08.481795,8250
34,7863,0x53161b2593c8d978c46bb473ed9ee5f84d2a6feb,0.5,2021-12-15T17:24:40.662995,6478
35,8711,0xcf3a3b5f14ab40909e893f2835904229cb6abfc8,0.2994,2021-12-15T17:18:19.039927,4634
36,3919,0x7749b665555a9aaeb7006ca723eadf78848625a6,0.478,2021-12-15T16:45:33.253848,1703
37,4683,0xcf3a3b5f14ab40909e893f2835904229cb6abfc8,0.396,2021-12-15T16:27:04.986854,6249
38,4518,0xb5d8b0bafb98cc37a4e6350f2df355d8800fd30e,0.396,2021-12-15T15:59:54.121140,3580
39,3121,0x548739ac970f98283f1efc9eca9883f3685d0107,0.47,2021-12-15T15:47:10.723361,1938
40,4683,0x548739ac970f98283f1efc9eca9883f3685d0107,0.4928175,2021-12-15T15:46:31.950363,6249
41,4683,0x548739ac970f98283f1efc9eca9883f3685d0107,0.4928175,2021-12-15T15:46:24.590777,6249
42,4518,0x7749b665555a9aaeb7006ca723eadf78848625a6,0.46725,2021-12-15T14:50:38.459717,3580
43,4683,0xf8f5b68eae5b72981fb9a822d2472651d7214cf3,0.46935,2021-12-15T14:45:27.307203,6249
44,3821,0xcf3a3b5f14ab40909e893f2835904229cb6abfc8,0.354,2021-12-15T14:43:43.738232,1498
45,4518,0xb5d8b0bafb98cc37a4e6350f2df355d8800fd30e,0.3773,2021-12-15T14:11:39.190649,3580
46,3821,0xebbaeed0a730d9de625db27c5c20d43477f2c1af,0.461892375,2021-12-15T13:10:15.154925,1498
47,3821,0xebbaeed0a730d9de625db27c5c20d43477f2c1af,0.461892375,2021-12-15T13:06:24.848969,1498
48,4683,0x5c89fb058436efc4c196d40c8097cd16f440ee73,0.46935,2021-12-15T11:59:34.501403,6249
49,4683,0xcf3a3b5f14ab40909e893f2835904229cb6abfc8,0.3888,2021-12-15T11:59:03.871011,6249
50,1696,0xb5d8b0bafb98cc37a4e6350f2df355d8800fd30e,0.385,2021-12-15T11:28:29.179399,565
51,5981,0xcf3a3b5f14ab40909e893f2835904229cb6abfc8,0.3888,2021-12-15T11:06:12.102038,3551
52,1696,0x05a20556c35bedd717ba48218d1644d37ef17499,0.351,2021-12-15T10:48:31.986212,565
53,1696,0xb5d8b0bafb98cc37a4e6350f2df355d8800fd30e,0.3701,2021-12-15T10:34:48.838009,565
54,8711,0xcf3a3b5f14ab40909e893f2835904229cb6abfc8,0.3068,2021-12-15T10:32:27.045665,4634
55,1696,0x8de4e946f716441a42a8ccd1b631e7fd21cc90f5,0.4725,2021-12-15T10:25:03.435461,565
56,1696,0x8de4e946f716441a42a8ccd1b631e7fd21cc90f5,0.4725,2021-12-15T10:25:00.319765,565
57,3821,0x05a20556c35bedd717ba48218d1644d37ef17499,0.351,2021-12-15T10:17:41.465357,1498
58,3919,0x05a20556c35bedd717ba48218d1644d37ef17499,0.351,2021-12-15T10:16:23.174145,1703
59,4518,0x05a20556c35bedd717ba48218d1644d37ef17499,0.351,2021-12-15T10:07:38.545723,3580
60,4683,0x05a20556c35bedd717ba48218d1644d37ef17499,0.351,2021-12-15T10:05:18.638755,6249
61,275,0x67b66c21616c80d0f019b0a4df799acaa22b154d,0.5705075794234375,2021-12-15T09:54:59.196441,5719
62,3821,0x67b66c21616c80d0f019b0a4df799acaa22b154d,0.4398975,2021-12-15T09:53:58.924914,1498
63,5981,0x05a20556c35bedd717ba48218d1644d37ef17499,0.351,2021-12-15T09:47:51.405255,3551
64,1696,0xb5d8b0bafb98cc37a4e6350f2df355d8800fd30e,0.3492,2021-12-15T09:18:32.891102,565
65,8486,0x05a20556c35bedd717ba48218d1644d37ef17499,0.351,2021-12-15T09:12:45.371057,8250
66,3919,0xcf3a3b5f14ab40909e893f2835904229cb6abfc8,0.346800000000001,2021-12-15T09:03:56.968125,1703
67,3919,0xc4ce4d2b4046f004a874ca049fbae06cbfad65ff,0.45,2021-12-15T08:29:41.659818,1703
68,1696,0xc4ce4d2b4046f004a874ca049fbae06cbfad65ff,0.45,2021-12-15T08:29:25.604439,565
69,8486,0xc4ce4d2b4046f004a874ca049fbae06cbfad65ff,0.45,2021-12-15T08:29:01.019673,8250
70,4518,0xb5d8b0bafb98cc37a4e6350f2df355d8800fd30e,0.3834,2021-12-15T08:08:53.019131,3580
71,3821,0xcf3a3b5f14ab40909e893f2835904229cb6abfc8,0.383,2021-12-15T08:04:58.322127,1498
72,5981,0x547be0f3fd009a68ed8c32ecc4b33b4bd4bdc287,0.49326988,2021-12-15T07:13:07.100904,3551
73,4683,0xcf3a3b5f14ab40909e893f2835904229cb6abfc8,0.3771,2021-12-15T05:37:56.862742,6249
74,3821,0xdd369055bcded8c0c55b5710b3c43cc53163aa76,0.41895,2021-12-15T05:34:41.160137,1498
75,3821,0xcf3a3b5f14ab40909e893f2835904229cb6abfc8,0.3771,2021-12-15T05:31:56.399323,1498
76,4518,0x5211015ff3d5150ed6f13659d63c592de5f22a8e,0.38,2021-12-15T05:29:18.628477,3580
77,5981,0xcf3a3b5f14ab40909e893f2835904229cb6abfc8,0.3771,2021-12-15T05:22:21.677925,3551
78,5981,0xcf3a3b5f14ab40909e893f2835904229cb6abfc8,0.3771,2021-12-15T05:21:51.734632,3551
79,5981,0x55d9d35f116d6138c69b4b141f1907a89508c2db,0.393,2021-12-15T05:05:59.754634,3551
80,4518,0xa9c4d3f5c478953456d4a7800e15eadd9c172e05,0.445,2021-12-15T05:04:12.359812,3580
81,4518,0xa9c4d3f5c478953456d4a7800e15eadd9c172e05,0.445,2021-12-15T05:04:09.659207,3580
82,3821,0x9354512f2e6aeb61f32a30fce0d9142a3e508b01,0.24,2021-12-15T05:03:45.210949,1498
83,3821,0x9354512f2e6aeb61f32a30fce0d9142a3e508b01,0.24,2021-12-15T05:03:44.327809,1498
84,3821,0x95c653557773bd57cb6633fee4b53a41976f5d73,0.399,2021-12-15T05:03:44.254570,1498
85,4518,0x55d9d35f116d6138c69b4b141f1907a89508c2db,0.393,2021-12-15T04:42:58.658469,3580
86,3821,0x5211015ff3d5150ed6f13659d63c592de5f22a8e,0.38,2021-12-15T04:42:46.531530,1498
87,8711,0xcf3a3b5f14ab40909e893f2835904229cb6abfc8,0.403,2021-12-15T04:23:34.129861,4634
88,5981,0xcf3a3b5f14ab40909e893f2835904229cb6abfc8,0.3387,2021-12-15T04:12:11.656940,3551
89,4518,0xb5d8b0bafb98cc37a4e6350f2df355d8800fd30e,0.3387,2021-12-15T04:08:55.231223,3580
90,3821,0xcf3a3b5f14ab40909e893f2835904229cb6abfc8,0.3387,2021-12-15T03:59:57.987085,1498
91,741,0x55d9d35f116d6138c69b4b141f1907a89508c2db,0.393,2021-12-15T03:48:18.987583,5192
92,741,0xcf3a3b5f14ab40909e893f2835904229cb6abfc8,0.383,2021-12-15T03:36:56.132279,5192
93,5980,0xb5d8b0bafb98cc37a4e6350f2df355d8800fd30e,0.3279,2021-12-15T03:14:07.971857,6242
94,5980,0xd4319e11779920530d35e4c2bc852fcb360b9100,0.525,2021-12-15T03:04:50.224188,6242
95,741,0xcf3a3b5f14ab40909e893f2835904229cb6abfc8,0.383,2021-12-15T03:00:22.226093,5192
96,5981,0xcf3a3b5f14ab40909e893f2835904229cb6abfc8,0.3279,2021-12-15T03:00:07.986842,3551
97,4518,0xb5d8b0bafb98cc37a4e6350f2df355d8800fd30e,0.3279,2021-12-15T02:27:57.937678,3580
98,741,0xcf3a3b5f14ab40909e893f2835904229cb6abfc8,0.3564,2021-12-15T01:57:39.276860,5192
99,8711,0x62e5365294fe79c7fd47c286a91327bba4023be7,0.55125,2021-12-15T01:21:48.210159,4634
100,8711,0x62e5365294fe79c7fd47c286a91327bba4023be7,0.55125,2021-12-15T01:21:45.400389,4634
101,741,0x5211015ff3d5150ed6f13659d63c592de5f22a8e,0.38,2021-12-15T01:17:01.729156,5192
102,5980,0x62e5365294fe79c7fd47c286a91327bba4023be7,0.5,2021-12-15T00:48:06.487976,6242
103,5980,0x62e5365294fe79c7fd47c286a91327bba4023be7,0.45,2021-12-15T00:47:48.985875,6242
104,4683,0x738b486bc4617890a1820054eeba1077814aaeea,0.4928175,2021-12-14T23:39:27.502557,6249
105,4683,0x049223b6317543f02c33c33b2bd5856837440897,0.46935,2021-12-14T23:08:16.700310,6249
106,7997,0xfe48d6792716a39578e4aac311f17a2288e91e78,0.51,2021-12-14T22:56:31.406357,2358
107,7997,0x2c93e366a1c730d10026465b59802aa6260251ee,0.51,2021-12-14T22:47:04.926960,2358
108,7997,0x1c8c387a4e1caf6a0071c0ed3afc27b41e63aba6,0.51,2021-12-14T22:38:28.098875,2358
109,2565,0xcf3a3b5f14ab40909e893f2835904229cb6abfc8,0.3432,2021-12-14T22:19:46.741551,645
110,3821,0xcf3a3b5f14ab40909e893f2835904229cb6abfc8,0.3432,2021-12-14T22:06:34.399661,1498
111,4518,0x354bae8609ac52fa7e6ce3ea28361399ca0c8842,0.4611,2021-12-14T21:48:56.463845,3580
112,5980,0xb5d8b0bafb98cc37a4e6350f2df355d8800fd30e,0.3432,2021-12-14T21:37:52.977421,6242
113,5980,0x8de4e946f716441a42a8ccd1b631e7fd21cc90f5,0.369075,2021-12-14T21:37:29.599341,6242
114,2565,0x8de4e946f716441a42a8ccd1b631e7fd21cc90f5,0.4987,2021-12-14T21:36:45.070845,645
115,3821,0x354bae8609ac52fa7e6ce3ea28361399ca0c8842,0.4611,2021-12-14T21:31:08.920294,1498
116,5981,0xcf3a3b5f14ab40909e893f2835904229cb6abfc8,0.3545,2021-12-14T21:09:48.211669,3551
117,741,0x05a20556c35bedd717ba48218d1644d37ef17499,0.3515,2021-12-14T21:00:25.070720,5192
118,2565,0x354bae8609ac52fa7e6ce3ea28361399ca0c8842,0.4611,2021-12-14T20:57:01.841874,645
119,2565,0x354bae8609ac52fa7e6ce3ea28361399ca0c8842,0.4611,2021-12-14T20:57:01.688837,645
120,4518,0xb5d8b0bafb98cc37a4e6350f2df355d8800fd30e,0.3545,2021-12-14T20:35:48.762340,3580
121,2565,0x05a20556c35bedd717ba48218d1644d37ef17499,0.3515,2021-12-14T20:34:45.089566,645
122,741,0xcf3a3b5f14ab40909e893f2835904229cb6abfc8,0.3564,2021-12-14T20:28:59.086165,5192
123,2565,0x783be85e7ee67e84b2475d188e247ddc5c68961c,0.416115,2021-12-14T20:20:30.127733,645
124,2565,0x783be85e7ee67e84b2475d188e247ddc5c68961c,0.416115,2021-12-14T20:20:26.048235,645
125,3821,0x05a20556c35bedd717ba48218d1644d37ef17499,0.3515,2021-12-14T20:18:22.307548,1498
126,3821,0xcf3a3b5f14ab40909e893f2835904229cb6abfc8,0.3108,2021-12-14T20:11:42.774076,1498
127,4518,0x05a20556c35bedd717ba48218d1644d37ef17499,0.3515,2021-12-14T20:08:37.779455,3580
128,4683,0x05a20556c35bedd717ba48218d1644d37ef17499,0.3515,2021-12-14T20:05:29.397605,6249
129,741,0x354bae8609ac52fa7e6ce3ea28361399ca0c8842,0.4611,2021-12-14T20:00:43.926208,5192
130,4683,0xcf3a3b5f14ab40909e893f2835904229cb6abfc8,0.3387,2021-12-14T19:57:48.087821,6249
131,5981,0x05a20556c35bedd717ba48218d1644d37ef17499,0.3515,2021-12-14T19:48:51.738158,3551
132,5980,0x05a20556c35bedd717ba48218d1644d37ef17499,0.3515,2021-12-14T19:47:43.273346,6242
133,8711,0x1c8c387a4e1caf6a0071c0ed3afc27b41e63aba6,0.525,2021-12-14T19:21:27.990780,4634
134,3821,0xfc29c1ee0ed33103bc13faf34773812a9ac63107,0.5,2021-12-14T19:14:31.575219,1498
135,8711,0x05a20556c35bedd717ba48218d1644d37ef17499,0.3515,2021-12-14T19:09:12.526648,4634
136,741,0xfc29c1ee0ed33103bc13faf34773812a9ac63107,0.5,2021-12-14T19:06:05.278204,5192
137,5980,0xfc29c1ee0ed33103bc13faf34773812a9ac63107,0.5,2021-12-14T19:02:17.387033,6242
138,3821,0x7af0d2f0676c4c6e95797b7ca09b236cb6a6d32d,0.24,2021-12-14T19:00:49.459779,1498
139,4518,0xfc29c1ee0ed33103bc13faf34773812a9ac63107,0.5,2021-12-14T19:00:12.407963,3580
140,4683,0x8de4e946f716441a42a8ccd1b631e7fd21cc90f5,0.447,2021-12-14T18:59:22.538813,6249
141,8711,0x8de4e946f716441a42a8ccd1b631e7fd21cc90f5,0.421,2021-12-14T18:57:42.394828,4634
142,8711,0xbae24c3227779b641dc55cbe0dd2aafdde9e3133,0.44,2021-12-14T18:55:41.764875,4634
143,8711,0xfc29c1ee0ed33103bc13faf34773812a9ac63107,0.5,2021-12-14T18:55:03.888592,4634
144,5980,0xe629f34b59fdfbf9d0ae919b8a488cbc6aa004a6,0.231,2021-12-14T18:48:19.068341,6242
145,5980,0xe629f34b59fdfbf9d0ae919b8a488cbc6aa004a6,0.231,2021-12-14T18:48:17.085199,6242
146,3821,0xe629f34b59fdfbf9d0ae919b8a488cbc6aa004a6,0.2205,2021-12-14T18:47:24.014735,1498
147,3821,0x7af0d2f0676c4c6e95797b7ca09b236cb6a6d32d,0.21,2021-12-14T18:45:33.502231,1498
148,741,0x1a89cf6ac184c1ff75e48782b9b3faa24c2b8589,0.429975,2021-12-14T18:36:32.881885,5192
149,741,0x1a89cf6ac184c1ff75e48782b9b3faa24c2b8589,0.429975,2021-12-14T18:36:31.069355,5192
150,741,0x2e9dea0193a5cfe5c5a6b0c6bdc7a52541c0092d,0.4095,2021-12-14T18:35:49.883979,5192
151,8711,0x1a89cf6ac184c1ff75e48782b9b3faa24c2b8589,0.42,2021-12-14T18:35:29.768135,4634
152,8711,0x1a89cf6ac184c1ff75e48782b9b3faa24c2b8589,0.42,2021-12-14T18:35:28.112445,4634
153,3821,0x9354512f2e6aeb61f32a30fce0d9142a3e508b01,0.2,2021-12-14T18:14:23.574999,1498
154,3821,0xcf6d1bee82a7c2517fa7c3674f590e7225053dcc,0.15,2021-12-14T18:02:59.095622,1498
155,4518,0xfc29c1ee0ed33103bc13faf34773812a9ac63107,0.429975,2021-12-14T17:34:28.916592,3580
156,4683,0x1bad9a5dd30b98d30371dd16de8e58540b9774cd,0.65,2021-12-14T17:16:06.909838,6249
157,4683,0x45a77b0925cfd7367844b872c22751f47143f7e7,0.567,2021-12-14T17:09:10.462047,6249
158,4683,0x45a77b0925cfd7367844b872c22751f47143f7e7,0.5,2021-12-14T17:08:12.680779,6249
159,5980,0xfc29c1ee0ed33103bc13faf34773812a9ac63107,0.47,2021-12-14T17:08:08.016085,6242
160,4683,0x1bad9a5dd30b98d30371dd16de8e58540b9774cd,0.54,2021-12-14T17:07:53.062765,6249
161,741,0x7cdbbcc3bf7dfa8db52f9fef414865d41ff50bad,0.484,2021-12-14T17:06:35.993373,5192
162,5980,0xfc29c1ee0ed33103bc13faf34773812a9ac63107,0.39,2021-12-14T17:05:39.585680,6242
163,5980,0x7cdbbcc3bf7dfa8db52f9fef414865d41ff50bad,0.39,2021-12-14T17:04:57.051356,6242
164,4683,0x7cdbbcc3bf7dfa8db52f9fef414865d41ff50bad,0.45,2021-12-14T17:04:20.828785,6249
165,4683,0xc5ca9e911d0634d76cc8665cd3644500f4c9dcdb,0.4254271875,2021-12-14T17:01:56.031487,6249
166,4683,0xc5ca9e911d0634d76cc8665cd3644500f4c9dcdb,0.4254271875,2021-12-14T17:01:49.213393,6249
167,4683,0xfb04c48396a3872eae8e9c35c79a0cd11b543266,0.4924851479296875,2021-12-14T16:43:18.843608,6249
168,4683,0xfb04c48396a3872eae8e9c35c79a0cd11b543266,0.4924851479296875,2021-12-14T16:43:17.914633,6249
169,4683,0xf998ebc047ce68c6eb62a2b04f66afeb6cb01161,0.3963,2021-12-14T16:40:36.052866,6249
170,4518,0x8f2465caaee6d023f58e9fa5e5d48bce98be5860,0.4095,2021-12-14T16:38:03.712927,3580
171,4518,0x8f2465caaee6d023f58e9fa5e5d48bce98be5860,0.4095,2021-12-14T16:37:59.291661,3580
172,3122,0x8f2465caaee6d023f58e9fa5e5d48bce98be5860,0.5,2021-12-14T16:37:06.944880,4959
173,5981,0x354bae8609ac52fa7e6ce3ea28361399ca0c8842,0.5011,2021-12-14T16:29:52.724005,3551
174,275,0x7cdbbcc3bf7dfa8db52f9fef414865d41ff50bad,0.51,2021-12-14T16:27:09.827808,5719
175,4683,0xc5ca9e911d0634d76cc8665cd3644500f4c9dcdb,0.46903347421875,2021-12-14T16:26:15.418099,6249
176,4683,0xc5ca9e911d0634d76cc8665cd3644500f4c9dcdb,0.46903347421875,2021-12-14T16:26:14.185808,6249
177,272,0xfe04b42949b3672d9d3809242615b1cecee442f7,0.51,2021-12-14T16:23:58.710123,8051
178,4683,0xdc7c7b647df8346427ca6fea72b789e7acc0a6ca,0.446698546875,2021-12-14T16:23:34.497959,6249
179,275,0xdc7c7b647df8346427ca6fea72b789e7acc0a6ca,0.426764244375,2021-12-14T16:23:32.358054,5719
180,741,0xfc29c1ee0ed33103bc13faf34773812a9ac63107,0.46,2021-12-14T16:23:26.991630,5192
181,741,0xc2ad0b388af40fa0a26ce2f2a7caf3583b9a5139,0.509,2021-12-14T16:22:28.765616,5192
182,741,0xc2ad0b388af40fa0a26ce2f2a7caf3583b9a5139,0.509,2021-12-14T16:22:25.481755,5192
183,275,0xb63859d387e41c335738757a9db17be6d53210d4,0.44810245659375003,2021-12-14T16:22:08.377642,5719
184,5980,0xbe2fd9263344a774fc0f0c82b2a597c4b9d71f16,0.3963,2021-12-14T16:20:41.817973,6242
185,272,0x45a77b0925cfd7367844b872c22751f47143f7e7,0.483,2021-12-14T16:20:34.055006,8051
186,275,0x4d3481f0f69de5da46a42d7a0f70553ab44813ca,0.4705075794234375,2021-12-14T16:19:12.228400,5719
187,275,0x4d3481f0f69de5da46a42d7a0f70553ab44813ca,0.4705075794234375,2021-12-14T16:19:05.629204,5719
188,275,0xb63859d387e41c335738757a9db17be6d53210d4,0.44810245659375003,2021-12-14T16:18:04.562246,5719
189,275,0xdc7c7b647df8346427ca6fea72b789e7acc0a6ca,0.426764244375,2021-12-14T16:17:12.729514,5719
190,5412,0x354bae8609ac52fa7e6ce3ea28361399ca0c8842,0.5011,2021-12-14T16:16:20.012845,8880
191,272,0xdc7c7b647df8346427ca6fea72b789e7acc0a6ca,0.46,2021-12-14T16:15:45.992713,8051
192,4683,0xe5dcbe721fbbce984e78c98b99fae3653b93f145,0.40516875,2021-12-14T16:14:04.039759,6249
193,5051,0xab4d72c8af79da87dcf87b65e30a56be32da718c,0.65,2021-12-14T16:14:00.456649,5888
194,4518,0x76dd6f9bd9209666c1df3cce1e6ac42cd29491b9,0.39,2021-12-14T16:13:44.340004,3580
195,272,0xfb04c48396a3872eae8e9c35c79a0cd11b543266,0.42,2021-12-14T16:13:07.977285,8051
196,272,0xfb04c48396a3872eae8e9c35c79a0cd11b543266,0.42,2021-12-14T16:13:06.971172,8051
197,741,0x76dd6f9bd9209666c1df3cce1e6ac42cd29491b9,0.39,2021-12-14T16:12:52.267680,5192
198,741,0x76dd6f9bd9209666c1df3cce1e6ac42cd29491b9,0.39,2021-12-14T16:12:50.420523,5192
199,275,0xfb04c48396a3872eae8e9c35c79a0cd11b543266,0.4064421375,2021-12-14T16:12:47.473317,5719
200,4683,0xfb04c48396a3872eae8e9c35c79a0cd11b543266,0.4254271875,2021-12-14T16:12:35.024702,6249
201,4683,0xfb04c48396a3872eae8e9c35c79a0cd11b543266,0.4254271875,2021-12-14T16:12:31.141839,6249
202,4683,0xfb04c48396a3872eae8e9c35c79a0cd11b543266,0.40516875,2021-12-14T16:12:16.221475,6249
203,4683,0xfb04c48396a3872eae8e9c35c79a0cd11b543266,0.40516875,2021-12-14T16:12:15.441902,6249
204,741,0xfb04c48396a3872eae8e9c35c79a0cd11b543266,0.368655,2021-12-14T16:11:58.816310,5192
205,4683,0xe5dcbe721fbbce984e78c98b99fae3653b93f145,0.40516875,2021-12-14T16:11:48.421440,6249
206,5981,0xfb04c48396a3872eae8e9c35c79a0cd11b543266,0.4662,2021-12-14T16:11:46.181159,3551
207,5981,0xfb04c48396a3872eae8e9c35c79a0cd11b543266,0.4662,2021-12-14T16:11:43.910473,3551
208,5412,0xdd357a185f447a59ba57b239d79c09310c694b68,0.6,2021-12-14T16:11:17.180505,8880
209,5412,0xdd357a185f447a59ba57b239d79c09310c694b68,0.6,2021-12-14T16:11:14.144529,8880
210,5412,0xdd357a185f447a59ba57b239d79c09310c694b68,0.6,2021-12-14T16:11:05.839462,8880
211,5981,0xe5dcbe721fbbce984e78c98b99fae3653b93f145,0.444,2021-12-14T16:09:36.883536,3551
212,5051,0xfe04b42949b3672d9d3809242615b1cecee442f7,0.6,2021-12-14T16:07:58.297888,5888
213,5051,0x354bae8609ac52fa7e6ce3ea28361399ca0c8842,0.5011,2021-12-14T16:07:44.021190,5888
214,5980,0xfe04b42949b3672d9d3809242615b1cecee442f7,0.5,2021-12-14T16:07:23.008954,6242
215,267,0x7e890851f8da016d2a3dee9ac0685e4923d59294,0.3905,2021-12-14T16:06:15.597555,8666
216,275,0xb63859d387e41c335738757a9db17be6d53210d4,0.38708775,2021-12-14T16:05:35.726200,5719
217,275,0xb63859d387e41c335738757a9db17be6d53210d4,0.38708775,2021-12-14T16:05:34.080379,5719
218,5412,0x1bad9a5dd30b98d30371dd16de8e58540b9774cd,0.75,2021-12-14T16:03:37.439299,8880
219,5412,0x1bad9a5dd30b98d30371dd16de8e58540b9774cd,0.75,2021-12-14T16:03:21.320687,8880
220,4683,0x354bae8609ac52fa7e6ce3ea28361399ca0c8842,0.3511,2021-12-14T15:58:52.454253,6249
221,5412,0x8f3fcc99c84c914bc80166bad316b9a5875bde6b,0.5565,2021-12-14T15:58:00.302085,8880
222,4518,0x354bae8609ac52fa7e6ce3ea28361399ca0c8842,0.3511,2021-12-14T15:54:37.858321,3580
223,5412,0xbe2fd9263344a774fc0f0c82b2a597c4b9d71f16,0.2595,2021-12-14T15:49:18.443684,8880
224,5412,0x1bad9a5dd30b98d30371dd16de8e58540b9774cd,0.53,2021-12-14T15:41:16.918201,8880
225,5412,0x8f3fcc99c84c914bc80166bad316b9a5875bde6b,0.462,2021-12-14T15:28:27.778640,8880
226,275,0xf998ebc047ce68c6eb62a2b04f66afeb6cb01161,0.3036,2021-12-14T15:27:05.931444,5719
227,275,0xd4319e11779920530d35e4c2bc852fcb360b9100,0.368655,2021-12-14T15:03:09.858061,5719
228,4683,0xd4319e11779920530d35e4c2bc852fcb360b9100,0.385875,2021-12-14T15:02:39.661096,6249
229,5412,0x1bad9a5dd30b98d30371dd16de8e58540b9774cd,0.44,2021-12-14T15:00:45.649440,8880
230,5412,0xd4319e11779920530d35e4c2bc852fcb360b9100,0.2480625,2021-12-14T15:00:13.389133,8880
231,5412,0xf09eaa798f36f9e239f44e83d6306d10621888f1,0.2480625,2021-12-14T14:58:11.387853,8880
232,5412,0x297a8e11b8fc77533849d380e6d53bb991c55db8,0.4,2021-12-14T14:40:37.024747,8880
233,5051,0xf998ebc047ce68c6eb62a2b04f66afeb6cb01161,0.3036,2021-12-14T14:39:26.625608,5888
234,267,0x297a8e11b8fc77533849d380e6d53bb991c55db8,0.4,2021-12-14T14:35:15.081613,8666
235,5412,0x297a8e11b8fc77533849d380e6d53bb991c55db8,0.37,2021-12-14T14:32:01.687081,8880
236,5980,0xbe2fd9263344a774fc0f0c82b2a597c4b9d71f16,0.2595,2021-12-14T14:29:13.405238,6242
237,741,0x354bae8609ac52fa7e6ce3ea28361399ca0c8842,0.3511,2021-12-14T14:16:06.248367,5192
238,5981,0x3b002a68251089f3b4f611417a8de80d6693ab14,0.3,2021-12-14T14:15:57.619056,3551
239,275,0x354bae8609ac52fa7e6ce3ea28361399ca0c8842,0.3511,2021-12-14T14:03:57.131713,5719
240,272,0x354bae8609ac52fa7e6ce3ea28361399ca0c8842,0.3511,2021-12-14T14:03:52.221919,8051
241,5051,0xf998ebc047ce68c6eb62a2b04f66afeb6cb01161,0.255,2021-12-14T14:03:46.638021,5888
242,267,0x354bae8609ac52fa7e6ce3ea28361399ca0c8842,0.3511,2021-12-14T14:03:43.839241,8666
243,5981,0xf998ebc047ce68c6eb62a2b04f66afeb6cb01161,0.2204,2021-12-14T14:03:43.048536,3551
244,5051,0x354bae8609ac52fa7e6ce3ea28361399ca0c8842,0.3111,2021-12-14T13:54:11.887497,5888
245,5981,0x2c93e366a1c730d10026465b59802aa6260251ee,0.2546775,2021-12-14T13:54:10.819520,3551
246,741,0xf998ebc047ce68c6eb62a2b04f66afeb6cb01161,0.255,2021-12-14T13:47:58.331342,5192
247,741,0xf998ebc047ce68c6eb62a2b04f66afeb6cb01161,0.255,2021-12-14T13:47:50.654779,5192
248,5051,0x2c93e366a1c730d10026465b59802aa6260251ee,0.25,2021-12-14T13:47:22.254852,5888
249,5051,0x2c93e366a1c730d10026465b59802aa6260251ee,0.25,2021-12-14T13:46:19.931451,5888
250,4518,0x354bae8609ac52fa7e6ce3ea28361399ca0c8842,0.3111,2021-12-14T13:40:20.165640,3580
251,4518,0xb299d34fd3ef9da7a362d8055b18758ec56c8b7c,0.312,2021-12-14T13:29:25.660359,3580
252,5412,0x297a8e11b8fc77533849d380e6d53bb991c55db8,0.3255,2021-12-14T13:18:23.589585,8880
253,272,0xb299d34fd3ef9da7a362d8055b18758ec56c8b7c,0.312,2021-12-14T13:15:17.525703,8051
254,5412,0xbe2fd9263344a774fc0f0c82b2a597c4b9d71f16,0.2214,2021-12-14T12:50:21.764666,8880
255,267,0xf998ebc047ce68c6eb62a2b04f66afeb6cb01161,0.2678,2021-12-14T12:49:15.727277,8666
256,267,0xf998ebc047ce68c6eb62a2b04f66afeb6cb01161,0.2678,2021-12-14T12:49:07.618900,8666
257,4518,0x1d9387f06521a4ab1de333acdd39e97089315548,0.05,2021-12-14T12:37:47.649954,3580
258,5981,0x1f01db68ab62a3de2957be2318d2afcc398bc736,0.24255,2021-12-14T12:31:35.479102,3551
259,5981,0x1f01db68ab62a3de2957be2318d2afcc398bc736,0.24255,2021-12-14T12:30:24.178091,3551
260,272,0xbe2fd9263344a774fc0f0c82b2a597c4b9d71f16,0.2678,2021-12-14T12:20:42.085080,8051
261,272,0x99c6f5b98da7a8da623c3ca73c963dbbb90fb63f,0.4,2021-12-14T12:12:58.025629,8051
262,272,0x99c6f5b98da7a8da623c3ca73c963dbbb90fb63f,0.4,2021-12-14T12:12:55.615085,8051
263,4683,0x490acd84a2c7cb1834c085f56cd9085c7a0aafb3,0.40516875,2021-12-14T12:12:45.688459,6249
264,4683,0xf406bbe6d08f842154b7bad648c72d07d74538e0,0.385875,2021-12-14T12:04:51.073701,6249
265,5980,0xa65a818ac862b3dcdf84a071ab436deb6ec9f647,0.3,2021-12-14T12:04:10.423549,6242
266,5412,0x1bad9a5dd30b98d30371dd16de8e58540b9774cd,0.31,2021-12-14T12:04:00.363676,8880
267,741,0x354bae8609ac52fa7e6ce3ea28361399ca0c8842,0.3111,2021-12-14T12:01:58.342465,5192
268,5981,0xa65a818ac862b3dcdf84a071ab436deb6ec9f647,0.231,2021-12-14T12:01:42.545500,3551
269,4683,0x99c6f5b98da7a8da623c3ca73c963dbbb90fb63f,0.3675,2021-12-14T12:00:27.641420,6249
270,4683,0x99c6f5b98da7a8da623c3ca73c963dbbb90fb63f,0.3675,2021-12-14T12:00:25.999330,6249
271,272,0x99c6f5b98da7a8da623c3ca73c963dbbb90fb63f,0.275625,2021-12-14T11:55:40.218575,8051
272,4683,0xf998ebc047ce68c6eb62a2b04f66afeb6cb01161,0.2313,2021-12-14T11:54:09.643256,6249
273,4683,0xf998ebc047ce68c6eb62a2b04f66afeb6cb01161,0.2313,2021-12-14T11:54:01.874884,6249
274,4683,0xf998ebc047ce68c6eb62a2b04f66afeb6cb01161,0.2313,2021-12-14T11:53:41.695843,6249
275,272,0x354bae8609ac52fa7e6ce3ea28361399ca0c8842,0.3111,2021-12-14T11:49:33.293585,8051
276,272,0x354bae8609ac52fa7e6ce3ea28361399ca0c8842,0.3111,2021-12-14T11:49:32.390978,8051
277,267,0x354bae8609ac52fa7e6ce3ea28361399ca0c8842,0.3111,2021-12-14T11:49:24.267290,8666
278,4683,0xf406bbe6d08f842154b7bad648c72d07d74538e0,0.35,2021-12-14T11:30:55.459302,6249
279,4683,0xf406bbe6d08f842154b7bad648c72d07d74538e0,0.31145625,2021-12-14T11:30:08.220701,6249
280,5412,0xdd357a185f447a59ba57b239d79c09310c694b68,0.27348890625,2021-12-14T11:27:09.620796,8880
281,5412,0x46c5d4bccd4f6d828607d5b800b618616921753c,0.199,2021-12-14T11:26:44.972678,8880
282,4518,0xbe2fd9263344a774fc0f0c82b2a597c4b9d71f16,0.2313,2021-12-14T11:16:09.212240,3580
283,5980,0xbe2fd9263344a774fc0f0c82b2a597c4b9d71f16,0.2313,2021-12-14T11:09:59.009520,6242
284,5412,0x46fde64ca219307c283a15a62156a8e3c362b38d,0.260465625,2021-12-14T11:06:09.795396,8880
285,5980,0x46c5d4bccd4f6d828607d5b800b618616921753c,0.199,2021-12-14T10:58:57.974903,6242
286,5981,0x46c5d4bccd4f6d828607d5b800b618616921753c,0.199,2021-12-14T10:58:55.514988,3551
287,4683,0xf998ebc047ce68c6eb62a2b04f66afeb6cb01161,0.2058,2021-12-14T10:38:31.282292,6249
288,275,0x9a920ca9360e52019988a95aefe7259cab0b1b65,0.3,2021-12-14T10:31:51.437816,5719
289,741,0xa2fdafe06fcbde94236c170a0d3574a480870454,0.1949,2021-12-14T10:26:54.225346,5192
290,4683,0xdd357a185f447a59ba57b239d79c09310c694b68,0.296625,2021-12-14T10:24:13.523367,6249
291,4683,0xdd357a185f447a59ba57b239d79c09310c694b68,0.296625,2021-12-14T10:24:10.075715,6249
292,4683,0xda34fc6d53f6ad4bcecdb80b2cd95d96b0cbeb51,0.3,2021-12-14T10:09:48.501705,6249
293,4683,0x490acd84a2c7cb1834c085f56cd9085c7a0aafb3,0.2825,2021-12-14T10:02:37.219344,6249
294,5981,0xf998ebc047ce68c6eb62a2b04f66afeb6cb01161,0.2058,2021-12-14T09:51:14.265958,3551
295,4683,0xb3d6dbc54ed91bcc84da7871fc9e146e7f13c496,0.17,2021-12-14T09:47:39.417962,6249
296,4518,0xa2fdafe06fcbde94236c170a0d3574a480870454,0.1949,2021-12-14T09:41:13.172619,3580
297,4683,0xa2fdafe06fcbde94236c170a0d3574a480870454,0.1949,2021-12-14T09:38:53.262406,6249
298,5412,0xa2fdafe06fcbde94236c170a0d3574a480870454,0.1949,2021-12-14T09:30:18.557658,8880
299,5980,0xbe2fd9263344a774fc0f0c82b2a597c4b9d71f16,0.2001,2021-12-14T09:25:28.048716,6242
300,5980,0xbe2fd9263344a774fc0f0c82b2a597c4b9d71f16,0.2001,2021-12-14T09:25:27.439717,6242
301,5981,0xa2fdafe06fcbde94236c170a0d3574a480870454,0.1949,2021-12-14T09:23:59.176896,3551
302,5980,0xa2fdafe06fcbde94236c170a0d3574a480870454,0.1949,2021-12-14T09:23:40.804036,6242
303,4683,0xa91cef1da2682b60d6a0f3c7b27a686affb11e7d,0.25,2021-12-14T09:20:24.399077,6249
304,741,0xf998ebc047ce68c6eb62a2b04f66afeb6cb01161,0.2058,2021-12-14T09:18:38.724493,5192
305,4518,0xbe2fd9263344a774fc0f0c82b2a597c4b9d71f16,0.228,2021-12-14T09:14:07.430848,3580
306,275,0xd5a6c61f02e4212dec386f09c1670bdb300690e9,0.25,2021-12-14T09:10:43.842377,5719
307,4518,0xd5a6c61f02e4212dec386f09c1670bdb300690e9,0.252,2021-12-14T09:10:09.922463,3580
308,4518,0xd5a6c61f02e4212dec386f09c1670bdb300690e9,0.252,2021-12-14T09:10:09.246674,3580
309,5981,0xd5a6c61f02e4212dec386f09c1670bdb300690e9,0.25,2021-12-14T09:09:50.742149,3551
310,5980,0xd5a6c61f02e4212dec386f09c1670bdb300690e9,0.25,2021-12-14T09:09:30.550318,6242
311,5981,0xf998ebc047ce68c6eb62a2b04f66afeb6cb01161,0.185,2021-12-14T09:09:28.429041,3551
312,4518,0xab4d72c8af79da87dcf87b65e30a56be32da718c,0.24,2021-12-14T09:06:35.569850,3580
313,5981,0xab4d72c8af79da87dcf87b65e30a56be32da718c,0.22,2021-12-14T09:06:11.852882,3551
314,5980,0xab4d72c8af79da87dcf87b65e30a56be32da718c,0.22,2021-12-14T09:05:44.470417,6242
315,5412,0xbe2fd9263344a774fc0f0c82b2a597c4b9d71f16,0.17980000000000004,2021-12-14T08:58:05.281999,8880
316,5412,0xb3d6dbc54ed91bcc84da7871fc9e146e7f13c496,0.17,2021-12-14T08:56:20.513272,8880
317,741,0xf998ebc047ce68c6eb62a2b04f66afeb6cb01161,0.185,2021-12-14T08:46:49.230905,5192
318,5412,0xdd357a185f447a59ba57b239d79c09310c694b68,0.2480625,2021-12-14T08:35:00.261515,8880
319,4683,0xdd357a185f447a59ba57b239d79c09310c694b68,0.359205,2021-12-14T08:33:52.877752,6249
320,5980,0xb3d6dbc54ed91bcc84da7871fc9e146e7f13c496,0.17,2021-12-14T08:16:00.564748,6242
321,5981,0xb3d6dbc54ed91bcc84da7871fc9e146e7f13c496,0.17,2021-12-14T08:15:56.634123,3551
322,5981,0x27877f3d6d0068fe1de9c34704ff3ae513907424,0.25,2021-12-14T08:00:17.325589,3551
323,4683,0x25939cba2eb2ecd1d013ea3dc0d4cb0bdb233ace,0.3421,2021-12-14T07:53:38.262299,6249
324,2847,0x490acd84a2c7cb1834c085f56cd9085c7a0aafb3,0.3045,2021-12-14T07:41:29.951747,3311
325,2847,0x490acd84a2c7cb1834c085f56cd9085c7a0aafb3,0.3045,2021-12-14T07:41:27.962294,3311
326,2847,0x25939cba2eb2ecd1d013ea3dc0d4cb0bdb233ace,0.33,2021-12-14T07:34:44.689338,3311
327,4683,0x109440cbe5b508a7063ca126c88b0f81d3829575,0.233625,2021-12-14T07:31:14.792418,6249
328,4683,0x109440cbe5b508a7063ca126c88b0f81d3829575,0.233625,2021-12-14T07:31:13.607261,6249
329,2847,0x490acd84a2c7cb1834c085f56cd9085c7a0aafb3,0.3045,2021-12-14T07:30:08.551838,3311
330,2847,0x490acd84a2c7cb1834c085f56cd9085c7a0aafb3,0.3045,2021-12-14T07:30:06.323975,3311
331,2847,0x490acd84a2c7cb1834c085f56cd9085c7a0aafb3,0.3045,2021-12-14T07:30:05.370325,3311
332,4683,0x3bcf29061c89195419e4038bf4080ac6f24f4c3e,0.2225,2021-12-14T06:50:53.268937,6249
333,2847,0x25939cba2eb2ecd1d013ea3dc0d4cb0bdb233ace,0.29,2021-12-14T06:49:51.446596,3311
334,5981,0x76304b7f3b699e97611eb007a6fc970bfa15308b,0.2,2021-12-14T06:47:44.624430,3551
335,5980,0x76304b7f3b699e97611eb007a6fc970bfa15308b,0.2,2021-12-14T06:46:57.702895,6242
336,5981,0xf998ebc047ce68c6eb62a2b04f66afeb6cb01161,0.1392,2021-12-14T06:43:16.417461,3551
337,4683,0x76304b7f3b699e97611eb007a6fc970bfa15308b,0.21,2021-12-14T06:42:45.230888,6249
338,5980,0x76304b7f3b699e97611eb007a6fc970bfa15308b,0.19,2021-12-14T06:39:03.804904,6242
339,5981,0x76304b7f3b699e97611eb007a6fc970bfa15308b,0.19,2021-12-14T06:38:41.625829,3551
340,4683,0x76304b7f3b699e97611eb007a6fc970bfa15308b,0.19,2021-12-14T06:38:20.493111,6249
341,2847,0xf998ebc047ce68c6eb62a2b04f66afeb6cb01161,0.1612,2021-12-14T06:09:47.538006,3311
342,5981,0xc436a76fdc7d5e8548bb2e9ec3d3cccc1fd86481,0.171,2021-12-14T06:03:36.823787,3551
343,5981,0xc436a76fdc7d5e8548bb2e9ec3d3cccc1fd86481,0.171,2021-12-14T06:03:29.506027,3551
344,5981,0x2a9ce90af5c92bf77c6d6feeab34c28f602d369d,0.175,2021-12-14T06:03:27.042368,3551
345,5980,0x2a9ce90af5c92bf77c6d6feeab34c28f602d369d,0.175,2021-12-14T06:01:05.846523,6242
346,272,0x469ad36e367faa7ffc84a8547042eb577e3776bf,0.2625,2021-12-14T05:49:40.448112,8051
347,5980,0xbe2fd9263344a774fc0f0c82b2a597c4b9d71f16,0.1392,2021-12-14T05:38:04.374601,6242
348,741,0xf998ebc047ce68c6eb62a2b04f66afeb6cb01161,0.1392,2021-12-14T05:27:38.519791,5192
349,5980,0x109440cbe5b508a7063ca126c88b0f81d3829575,0.14616,2021-12-14T05:19:42.356827,6242
350,2847,0xc436a76fdc7d5e8548bb2e9ec3d3cccc1fd86481,0.282,2021-12-14T05:15:15.787939,3311
351,2847,0x109440cbe5b508a7063ca126c88b0f81d3829575,0.2625,2021-12-14T05:10:25.971342,3311
352,2847,0x109440cbe5b508a7063ca126c88b0f81d3829575,0.2625,2021-12-14T05:06:08.960365,3311
353,741,0x0fade9092f0022a7748e3240de3fe0a5425afe8a,0.268,2021-12-14T05:04:57.958743,5192
354,741,0x0fade9092f0022a7748e3240de3fe0a5425afe8a,0.252,2021-12-14T05:04:03.174594,5192
355,267,0x0fade9092f0022a7748e3240de3fe0a5425afe8a,0.2625,2021-12-14T05:01:33.153079,8666
356,5412,0xbe2fd9263344a774fc0f0c82b2a597c4b9d71f16,0.1392,2021-12-14T04:46:42.497974,8880
357,267,0xb3d6dbc54ed91bcc84da7871fc9e146e7f13c496,0.25,2021-12-14T04:38:55.746974,8666
358,272,0xb3d6dbc54ed91bcc84da7871fc9e146e7f13c496,0.25,2021-12-14T04:38:35.646063,8051
359,275,0xb3d6dbc54ed91bcc84da7871fc9e146e7f13c496,0.25,2021-12-14T04:38:23.748219,5719
360,5981,0xf09eaa798f36f9e239f44e83d6306d10621888f1,0.1491,2021-12-14T04:29:49.892093,3551
361,5981,0x19b26c9c22405f0b3103cb2dd2f6815461e17537,0.142,2021-12-14T04:24:00.265540,3551
362,5981,0xcb26825152db752c6dfa53a94ebc221c7fc16e0f,0.07,2021-12-14T04:23:15.111622,3551
363,741,0xf998ebc047ce68c6eb62a2b04f66afeb6cb01161,0.1392,2021-12-14T03:58:45.304297,5192
364,5981,0xe5a73dc1387706cf1cabd1e06af5dbd290d4e410,0.06,2021-12-14T03:51:13.967415,3551
365,4683,0xf998ebc047ce68c6eb62a2b04f66afeb6cb01161,0.1612,2021-12-14T03:12:55.226967,6249
366,5412,0x5905ebca295e7f61c6d88497d25a2e6a41875865,0.25,2021-12-14T02:58:25.558254,8880
367,4518,0xbe2fd9263344a774fc0f0c82b2a597c4b9d71f16,0.1612,2021-12-14T02:51:36.528975,3580
368,5412,0x90f6d61136ac1c30e4d3ca5423c0b63382ce5d25,0.23625,2021-12-14T02:51:34.554933,8880
369,5412,0x5905ebca295e7f61c6d88497d25a2e6a41875865,0.225,2021-12-14T02:49:05.870733,8880
370,5412,0xb77925f795b8a90aeaa024ee0ad16113d76efafd,0.2083725,2021-12-14T02:49:05.467694,8880
371,5412,0x90f6d61136ac1c30e4d3ca5423c0b63382ce5d25,0.19845,2021-12-14T02:48:12.342934,8880
372,5412,0xb77925f795b8a90aeaa024ee0ad16113d76efafd,0.189,2021-12-14T02:41:30.626509,8880
373,5412,0x1bb6d169007944bbcb3ef464e2b6ca7ec1095c4e,0.18,2021-12-14T01:39:12.636635,8880
374,5412,0xcb26825152db752c6dfa53a94ebc221c7fc16e0f,0.07,2021-12-14T01:35:50.601372,8880
375,4683,0xb299d34fd3ef9da7a362d8055b18758ec56c8b7c,0.15,2021-12-13T23:57:42.974891,6249
376,4683,0x2b83ae5c340a9887fd5b1bc896cb553878025b77,0.277,2021-12-13T23:57:23.232505,6249
377,4518,0xb299d34fd3ef9da7a362d8055b18758ec56c8b7c,0.15,2021-12-13T23:57:09.772210,3580
378,4518,0xb3d6dbc54ed91bcc84da7871fc9e146e7f13c496,0.25,2021-12-13T23:55:08.320123,3580
379,741,0xb299d34fd3ef9da7a362d8055b18758ec56c8b7c,0.15,2021-12-13T23:44:34.622829,5192
380,275,0x05d0f9f3ed24c1af5f193e89b70f8d77c3dc716b,0.25,2021-12-13T21:40:02.047485,5719
381,741,0xbfb51c656109999754ecaf8d622494408875e359,0.24,2021-12-13T20:53:02.449751,5192
382,741,0x78617f5d9c11fb8466228729a9f0b291f7241ed8,0.21,2021-12-13T19:33:18.915110,5192
383,741,0x78617f5d9c11fb8466228729a9f0b291f7241ed8,0.21,2021-12-13T19:31:45.535092,5192
384,741,0x78617f5d9c11fb8466228729a9f0b291f7241ed8,0.21,2021-12-13T19:31:44.278527,5192
385,741,0x78617f5d9c11fb8466228729a9f0b291f7241ed8,0.21,2021-12-13T19:31:30.302617,5192
386,741,0x297a8e11b8fc77533849d380e6d53bb991c55db8,0.2,2021-12-13T18:29:38.990703,5192
387,741,0xfc29c1ee0ed33103bc13faf34773812a9ac63107,0.15,2021-12-13T18:29:04.506804,5192
388,741,0x297a8e11b8fc77533849d380e6d53bb991c55db8,0.12762815625,2021-12-13T18:20:40.677578,5192
389,741,0x297a8e11b8fc77533849d380e6d53bb991c55db8,0.121550625,2021-12-13T18:18:22.031566,5192
390,741,0xfc29c1ee0ed33103bc13faf34773812a9ac63107,0.1157625,2021-12-13T18:11:34.131215,5192
391,741,0x297a8e11b8fc77533849d380e6d53bb991c55db8,0.11025,2021-12-13T17:48:01.864197,5192
392,741,0xc0fba37eb965afefe188dffbec10dff8c14ebfa1,0.105,2021-12-13T17:46:30.769143,5192
393,741,0xc7561ac05a547bc0be2565f2f74c617a374943f1,0.2,2021-12-13T17:41:32.519335,5192
394,741,0x297a8e11b8fc77533849d380e6d53bb991c55db8,0.1,2021-12-13T17:32:39.495632,5192
