,id,price,date_sold
1809,975,0.02,2021-08-31T16:46:34
1808,1540,2.0,2021-08-31T17:08:13
1807,2028,0.03,2021-08-31T17:34:01
1806,1280,0.02,2021-08-31T17:48:49
1805,3331,0.03,2021-08-31T18:19:40
1804,2206,0.02,2021-08-31T18:20:14
1803,2719,0.04,2021-08-31T18:22:09
1802,2908,0.028,2021-08-31T18:24:06
1801,1656,0.02,2021-08-31T18:24:46
1800,2425,0.029,2021-08-31T18:26:29
1798,890,0.09,2021-08-31T18:27:17
1799,3059,0.083,2021-08-31T18:27:17
1797,2692,0.35,2021-08-31T18:36:44
1796,3438,0.1,2021-08-31T18:40:09
1795,3159,0.035,2021-08-31T18:52:22
1794,3744,0.02,2021-08-31T19:08:41
1793,3160,0.26,2021-08-31T19:23:50
1792,2413,0.029,2021-08-31T19:39:21
1791,2698,0.09,2021-08-31T19:58:22
1790,3161,0.075,2021-08-31T22:40:26
1789,3688,0.07,2021-08-31T23:23:04
1788,1624,0.01,2021-09-01T01:21:42
1787,1627,0.009,2021-09-01T01:29:08
1786,1803,0.0199,2021-09-01T01:50:43
1785,3707,0.0249,2021-09-01T01:53:32
1784,1000,0.03,2021-09-01T03:18:05
1783,888,0.07,2021-09-01T03:21:12
1782,732,0.01,2021-09-01T03:46:31
1781,3532,0.15,2021-09-01T03:59:50
1780,16,0.01,2021-09-01T04:03:10
1779,19,0.01,2021-09-01T04:03:58
1778,5222,0.19,2021-09-01T04:05:43
1777,14,0.01,2021-09-01T04:11:37
1776,17,0.01,2021-09-01T04:14:24
1775,5706,0.15,2021-09-01T04:15:57
1774,3448,0.014,2021-09-01T04:16:02
1773,5707,0.13,2021-09-01T04:16:13
1772,2955,0.01,2021-09-01T04:16:58
1771,731,0.01,2021-09-01T04:20:55
1770,18,0.01,2021-09-01T04:21:03
1769,2954,0.01,2021-09-01T04:21:13
1768,12,0.01,2021-09-01T04:21:13
1767,328,0.0199,2021-09-01T04:21:51
1766,3759,0.09,2021-09-01T04:21:51
1765,11,0.01,2021-09-01T04:22:17
1764,1658,0.01,2021-09-01T04:22:53
1763,730,0.01,2021-09-01T04:22:53
1762,13,0.01,2021-09-01T04:22:53
1761,15,0.01,2021-09-01T04:22:53
1760,2956,0.01,2021-09-01T04:23:07
1759,729,0.01,2021-09-01T04:23:20
1758,3772,0.015,2021-09-01T04:23:45
1757,2953,0.02,2021-09-01T04:24:19
1756,1541,0.015,2021-09-01T04:24:19
1755,2199,0.02,2021-09-01T04:25:09
1754,4195,0.09,2021-09-01T04:26:24
1753,3747,0.015,2021-09-01T04:26:33
1752,5464,0.015,2021-09-01T04:26:36
1751,2684,0.016,2021-09-01T04:29:02
1750,5700,0.04,2021-09-01T04:29:20
1746,2691,0.018,2021-09-01T04:30:25
1747,2697,0.019,2021-09-01T04:30:25
1749,439,0.016,2021-09-01T04:30:25
1748,3449,0.019,2021-09-01T04:30:25
1745,3529,0.25,2021-09-01T04:30:55
1744,2755,0.027,2021-09-01T04:31:53
1743,321,0.02,2021-09-01T04:32:09
1742,5412,0.135,2021-09-01T04:32:55
1741,5699,0.04,2021-09-01T04:33:44
1740,1543,0.02,2021-09-01T04:33:44
1739,2203,0.02,2021-09-01T04:33:44
1738,224,0.02,2021-09-01T04:33:44
1737,1700,0.0199,2021-09-01T04:33:44
1736,3740,0.02,2021-09-01T04:33:44
1735,5133,0.02,2021-09-01T04:33:44
1732,5696,0.04,2021-09-01T04:34:36
1734,5973,0.15,2021-09-01T04:34:36
1733,5476,0.15,2021-09-01T04:34:36
1731,4,0.019,2021-09-01T04:34:58
1730,5643,0.019,2021-09-01T04:36:48
1729,5913,0.1,2021-09-01T04:36:48
1728,4385,0.069,2021-09-01T04:37:46
1727,3745,0.025,2021-09-01T04:38:12
1726,974,0.02,2021-09-01T04:38:20
1725,5731,0.19974440525067946,2021-09-01T04:38:20
1724,7,0.019,2021-09-01T04:38:20
1723,1998,0.02,2021-09-01T04:38:20
1722,5257,0.2,2021-09-01T04:38:53
1721,5475,0.018,2021-09-01T04:40:33
1720,2194,0.02,2021-09-01T04:40:39
1719,5595,0.145,2021-09-01T04:40:59
1718,2725,0.02,2021-09-01T04:41:11
1717,227,0.02,2021-09-01T04:41:11
1716,4295,0.02,2021-09-01T04:41:23
1715,5591,0.14,2021-09-01T04:41:23
1714,2215,0.02,2021-09-01T04:41:23
1713,3078,0.025,2021-09-01T04:43:05
1712,5977,0.015,2021-09-01T04:43:05
1711,2,0.019,2021-09-01T04:43:41
1710,5590,0.1489,2021-09-01T04:43:41
1708,5917,0.19859882005899707,2021-09-01T04:44:07
1707,6,0.019,2021-09-01T04:44:19
1706,5918,0.15,2021-09-01T04:44:59
1705,10,0.022,2021-09-01T04:46:18
1704,9,0.019,2021-09-01T04:46:21
1703,1,0.09,2021-09-01T04:46:27
1702,5,0.019,2021-09-01T04:46:27
1701,2761,0.029,2021-09-01T04:46:27
1700,8,0.019,2021-09-01T04:47:12
1699,4683,0.19,2021-09-01T04:47:16
1698,2033,0.021,2021-09-01T04:47:16
1697,2700,0.021,2021-09-01T04:47:32
1696,1702,0.0225,2021-09-01T04:47:32
1695,2689,0.021,2021-09-01T04:47:56
1693,226,0.025,2021-09-01T04:48:16
1694,3602,0.0225,2021-09-01T04:48:16
1692,2754,0.024,2021-09-01T04:49:06
1690,2009,0.0245,2021-09-01T04:50:03
1691,225,0.025,2021-09-01T04:50:03
1689,223,0.025,2021-09-01T04:50:23
1688,5976,0.025,2021-09-01T04:50:31
1687,2710,0.0195,2021-09-01T04:51:13
1686,2747,0.025,2021-09-01T04:52:01
1685,231,0.025,2021-09-01T04:52:01
1684,2709,0.025,2021-09-01T04:52:26
1683,493,0.02,2021-09-01T04:52:26
1682,2758,0.025,2021-09-01T04:53:34
1678,5438,0.07,2021-09-01T04:55:03
1677,0,0.2,2021-09-01T04:55:03
1680,501,0.025,2021-09-01T04:55:03
1681,500,0.025,2021-09-01T04:55:03
1679,229,0.025,2021-09-01T04:55:03
1675,222,0.025,2021-09-01T04:55:07
1674,5520,0.22,2021-09-01T04:55:07
1676,440,0.025,2021-09-01T04:55:07
1673,2415,0.029,2021-09-01T04:56:10
1672,2911,0.028,2021-09-01T04:56:10
1671,2763,0.028,2021-09-01T04:57:18
1670,4407,0.212,2021-09-01T04:57:27
1669,4664,0.25,2021-09-01T04:57:34
1667,4194,0.024,2021-09-01T04:58:34
1668,5978,0.027,2021-09-01T04:58:34
1664,5576,0.15,2021-09-01T05:02:07
1666,2034,0.0275,2021-09-01T05:02:07
1665,2721,0.268,2021-09-01T05:02:07
1663,3742,0.35,2021-09-01T05:02:22
1662,5972,0.25,2021-09-01T05:02:22
1661,5980,0.027,2021-09-01T05:02:22
1660,2005,0.028,2021-09-01T05:02:22
1659,3525,0.1,2021-09-01T05:02:22
1658,5983,0.024,2021-09-01T05:03:28
1657,2214,0.025,2021-09-01T05:04:19
1656,4191,0.025,2021-09-01T05:06:03
1655,2910,0.028,2021-09-01T05:06:03
1654,5365,0.032,2021-09-01T05:07:03
1653,441,0.025,2021-09-01T05:07:13
1652,2422,0.029,2021-09-01T05:08:00
1651,2191,0.025,2021-09-01T05:08:19
1650,5467,0.025,2021-09-01T05:09:05
1649,2909,0.028,2021-09-01T05:09:30
1648,5367,0.025,2021-09-01T05:10:40
1647,5466,0.025,2021-09-01T05:10:42
1646,5368,0.025,2021-09-01T05:10:42
1645,2914,0.028,2021-09-01T05:11:43
1644,5366,0.027,2021-09-01T05:16:02
1642,5981,0.0229,2021-09-01T05:18:17
1641,3431,0.027,2021-09-01T05:20:55
1640,3419,0.027,2021-09-01T05:21:41
1639,5354,0.05,2021-09-01T05:26:15
1638,4701,0.029,2021-09-01T05:26:38
1637,2029,0.0249,2021-09-01T05:29:06
1636,1033,0.029,2021-09-01T05:30:21
1635,3434,0.027,2021-09-01T05:32:37
1634,3423,0.03,2021-09-01T05:33:10
1631,5992,0.068,2021-09-01T05:34:17
1633,3601,0.0255,2021-09-01T05:34:17
1632,3428,0.027,2021-09-01T05:34:17
1630,3418,0.06,2021-09-01T05:35:17
1629,5971,0.1,2021-09-01T05:35:17
1628,5258,0.25,2021-09-01T05:36:40
1627,3327,0.03,2021-09-01T05:39:24
1626,5813,0.035,2021-09-01T05:39:24
1625,2424,0.029,2021-09-01T05:43:10
1624,3387,0.027,2021-09-01T05:44:13
1620,5975,0.288,2021-09-01T05:45:17
1619,2912,0.028,2021-09-01T05:45:17
1622,2905,0.028,2021-09-01T05:45:17
1623,3389,0.027,2021-09-01T05:45:17
1621,3384,0.027,2021-09-01T05:45:17
1618,2762,0.029,2021-09-01T05:48:56
1617,2027,0.029,2021-09-01T05:48:56
1616,2420,0.029,2021-09-01T05:49:35
1615,5351,0.22,2021-09-01T05:49:48
1614,3432,0.027,2021-09-01T05:50:50
1613,3379,0.027,2021-09-01T05:50:53
1612,3386,0.027,2021-09-01T05:50:53
1611,3376,0.03,2021-09-01T05:51:08
1610,5979,0.0279,2021-09-01T05:52:05
1609,2906,0.028,2021-09-01T05:57:03
1608,3377,0.027,2021-09-01T05:57:06
1607,5298,0.1,2021-09-01T06:00:05
1606,5649,0.04,2021-09-01T06:00:27
1605,2407,0.029,2021-09-01T06:00:42
1604,4193,0.039,2021-09-01T06:01:29
1603,3025,0.04,2021-09-01T06:01:29
1602,2411,0.029,2021-09-01T06:07:00
1601,2907,0.028,2021-09-01T06:17:57
1600,5659,0.045,2021-09-01T06:26:12
1599,5417,0.028,2021-09-01T06:28:33
1598,3697,0.029,2021-09-01T06:32:42
1597,3743,0.044,2021-09-01T06:38:53
1596,3699,0.029,2021-09-01T06:49:34
1595,5135,0.038,2021-09-01T07:01:45
1593,1714,0.03,2021-09-01T07:07:14
1594,5663,0.035,2021-09-01T07:07:14
1592,2564,0.0279,2021-09-01T07:10:22
1591,3544,0.1,2021-09-01T07:22:15
1590,4150,0.057,2021-09-01T07:28:36
1589,5411,0.028,2021-09-01T07:54:31
1588,4872,0.04,2021-09-01T08:09:39
1587,5892,0.275,2021-09-01T08:15:18
1586,5439,0.025,2021-09-01T08:22:00
1585,5441,0.0265,2021-09-01T08:29:20
1584,777,0.03,2021-09-01T08:40:09
1583,5440,0.025,2021-09-01T08:48:00
1582,2211,0.03,2021-09-01T09:01:30
1581,2093,0.027,2021-09-01T09:13:42
1580,5644,0.029,2021-09-01T09:19:41
1579,3152,0.03,2021-09-01T09:31:25
1578,2419,0.029,2021-09-01T09:33:01
1577,5435,0.0249,2021-09-01T09:34:08
1576,5434,0.0249,2021-09-01T09:35:40
1575,5803,0.029,2021-09-01T09:41:01
1574,486,0.03,2021-09-01T09:41:22
1573,3969,0.03,2021-09-01T09:42:30
1572,2092,0.026,2021-09-01T09:42:51
1571,5432,0.0249,2021-09-01T09:44:37
1570,3991,1.0,2021-09-01T09:45:04
1569,5516,0.025,2021-09-01T09:45:45
1568,3559,0.025,2021-09-01T09:47:07
1566,3557,0.036,2021-09-01T09:49:34
1565,4457,0.5,2021-09-01T09:49:34
1564,2242,0.028,2021-09-01T09:50:54
1563,3811,0.25,2021-09-01T09:59:44
1562,2746,0.0255,2021-09-01T10:00:10
1561,419,0.0259,2021-09-01T10:02:51
1560,5454,0.029,2021-09-01T10:14:39
1559,2401,0.025,2021-09-01T10:56:17
1558,4663,0.015,2021-09-01T11:04:54
1557,5418,0.028,2021-09-01T11:09:03
1556,5693,0.25,2021-09-01T11:11:37
1555,3590,0.15,2021-09-01T11:12:35
1554,5732,0.04,2021-09-01T11:14:43
1553,646,0.025,2021-09-01T11:29:50
1552,4682,0.015,2021-09-01T11:35:15
1551,2456,0.025,2021-09-01T11:44:04
1550,5443,0.029,2021-09-01T11:46:33
1549,5698,0.025,2021-09-01T12:07:28
1548,3971,0.15,2021-09-01T12:30:15
1547,5654,0.045,2021-09-01T12:58:05
1546,2685,0.0185,2021-09-01T13:31:55
1545,4121,0.013,2021-09-01T15:32:05
1544,2253,0.05,2021-09-01T16:10:17
1543,4915,0.015,2021-09-01T19:12:40
1541,5989,0.038,2021-09-01T21:46:27
1540,2210,0.0011,2021-09-01T22:03:24
1539,1657,0.005,2021-09-01T22:53:12
1538,1673,0.01,2021-09-01T22:56:12
1537,720,0.009,2021-09-01T23:46:58
1536,2702,0.017,2021-09-02T00:10:51
1535,3157,0.012,2021-09-02T00:12:10
1534,5535,0.01,2021-09-02T00:16:00
1533,717,0.011,2021-09-02T00:17:27
1532,2693,0.014,2021-09-02T00:18:53
1531,1542,0.009,2021-09-02T00:30:47
1530,2759,0.015,2021-09-02T00:33:20
1529,1544,0.009,2021-09-02T00:36:39
1528,157,0.01,2021-09-02T00:44:50
1527,1715,0.01,2021-09-02T00:47:33
1526,39,0.0115,2021-09-02T02:04:04
1525,5884,0.1,2021-09-02T03:16:47
1524,4870,0.1,2021-09-02T04:11:59
1522,725,0.0099,2021-09-02T05:26:28
1521,4386,0.25,2021-09-02T06:05:11
1520,1375,0.059,2021-09-02T06:09:03
1519,5816,0.04,2021-09-02T07:21:14
1518,726,0.0099,2021-09-02T07:26:12
1517,228,0.0089,2021-09-02T08:26:47
1516,5515,0.01,2021-09-02T08:34:52
1515,2252,0.03,2021-09-02T09:01:34
1514,405,0.038,2021-09-02T10:47:30
1513,1646,0.029,2021-09-02T15:11:28
1512,724,0.008,2021-09-02T21:55:39
1511,232,0.0089,2021-09-03T02:59:48
1510,3473,0.04,2021-09-03T03:30:46
1509,3771,0.04,2021-09-03T03:36:25
1508,230,0.0059,2021-09-03T05:37:05
1507,4261,0.01,2021-09-03T05:41:15
1506,2154,0.04,2021-09-03T06:04:39
1505,5815,0.037,2021-09-03T06:06:30
1504,5787,0.029,2021-09-03T06:09:26
1503,4661,0.029,2021-09-03T06:12:36
1502,1623,0.0099,2021-09-03T06:29:08
1501,5871,0.027,2021-09-03T06:32:08
1500,2379,0.012,2021-09-03T10:03:25
1499,2391,0.012,2021-09-03T10:08:14
1498,3163,0.012,2021-09-03T10:10:47
1497,1487,0.02,2021-09-03T10:16:20
1496,5705,0.025,2021-09-03T10:22:39
1495,5697,0.025,2021-09-03T10:25:18
1494,2566,0.0267,2021-09-03T10:27:16
1493,1647,0.008,2021-09-03T10:35:46
1492,5793,0.029,2021-09-03T10:35:58
1491,5791,0.029,2021-09-03T10:41:37
1490,3427,0.03,2021-09-03T10:43:36
1489,406,0.035,2021-09-03T10:45:09
1488,1758,0.043,2021-09-03T10:47:13
1487,403,0.045,2021-09-03T10:48:32
1486,2011,0.06,2021-09-03T10:49:13
1485,3700,0.075,2021-09-03T10:50:11
1484,1999,0.025,2021-09-03T11:00:44
1483,2000,0.05,2021-09-03T11:02:45
1482,5317,0.35,2021-09-03T11:09:00
1481,5468,0.199,2021-09-03T11:09:53
1480,4113,0.007,2021-09-03T19:41:41
1479,526,0.015,2021-09-04T02:38:53
1478,5413,0.005,2021-09-04T09:07:09
1477,5449,0.129,2021-09-04T11:03:41
1476,5798,0.129,2021-09-04T18:40:53
1474,2711,0.005,2021-09-05T01:16:43
1473,4260,0.025,2021-09-05T01:50:11
1472,723,0.0044,2021-09-05T01:53:11
1471,121,0.004,2021-09-05T04:50:05
1470,825,0.005,2021-09-05T09:18:00
1469,2001,0.0,2021-09-05T23:59:18
1468,2002,0.0,2021-09-06T00:02:23
1466,5130,0.05,2021-09-06T22:43:49
1464,4914,0.12,2021-09-07T23:45:43
1463,1847,0.0,2021-09-08T23:28:35
1462,1846,0.0,2021-09-09T06:27:18
1461,728,0.0009,2021-09-09T06:31:24
1460,727,0.0009,2021-09-09T06:31:57
1459,4326,0.001,2021-09-09T06:32:35
1457,620,0.002,2021-09-09T06:39:54
1456,1653,0.002,2021-09-09T07:10:27
1455,1649,0.002,2021-09-09T07:12:46
1454,4941,0.08,2021-09-09T07:30:12
1453,1652,0.002,2021-09-09T07:48:09
1452,5437,0.002,2021-09-11T23:19:32
1451,2359,0.005,2021-09-12T02:08:34
1450,5183,0.01,2021-09-12T02:15:38
1449,1284,0.03,2021-09-12T02:17:45
1448,4681,0.008,2021-09-12T02:27:13
1447,2715,0.005,2021-09-12T02:28:59
1446,1650,0.005,2021-09-12T05:55:44
1445,3521,0.01,2021-09-12T07:58:13
1444,5565,0.003,2021-09-12T08:05:31
1443,3070,0.0033,2021-09-12T15:46:48
1442,3071,0.0032,2021-09-12T23:40:03
1441,3936,0.0023,2021-09-13T12:25:46
1440,5186,0.003,2021-09-13T21:48:07
1439,999,0.025,2021-09-14T07:07:53
1438,5078,0.02,2021-09-14T07:08:36
1437,5694,0.02,2021-09-14T07:09:29
1436,3064,0.0035,2021-09-14T07:10:24
1435,2209,0.018,2021-09-14T23:35:57
1434,3467,0.0019,2021-09-16T01:49:22
1433,1509,0.01,2021-09-16T03:32:04
1432,4114,0.001,2021-09-16T06:10:39
1431,5067,0.02,2021-09-16T06:16:29
1430,5064,0.013,2021-09-16T06:28:07
1429,5363,0.01,2021-09-17T01:30:29
1428,3946,0.005,2021-09-17T01:46:58
1427,5066,0.001,2021-09-19T11:18:22
1426,4408,0.0001,2021-09-19T13:25:48
1423,4707,0.09,2021-09-20T22:19:46
1422,3682,0.13,2021-09-20T22:21:27
1420,3380,0.05,2021-09-20T22:24:59
1419,5577,0.04,2021-09-20T22:24:59
1418,4542,0.03,2021-09-20T22:26:59
1417,5500,0.0999,2021-09-20T22:28:40
1416,3469,0.0019,2021-09-20T22:52:54
1415,3062,0.0036,2021-09-20T22:55:12
1414,5414,0.025,2021-09-20T22:56:15
1413,3069,0.0033,2021-09-20T23:01:56
1412,4917,0.001,2021-09-20T23:03:44
1411,3468,0.0019,2021-09-20T23:03:44
1410,823,0.004,2021-09-21T04:41:35
1409,616,0.001,2021-09-25T01:56:47
1407,4544,0.06,2021-09-26T10:46:11
1406,5695,0.02,2021-09-26T11:13:38
1405,3150,0.01,2021-09-26T11:18:42
1404,3470,0.0019,2021-09-26T11:23:44
1402,2714,0.005,2021-09-26T11:29:17
1401,4253,0.005,2021-09-26T11:30:38
1400,3063,0.0036,2021-09-26T11:31:33
1398,2090,0.02,2021-09-26T11:37:21
1397,5564,0.003,2021-09-26T17:45:33
1394,5187,0.002,2021-09-26T23:41:42
1396,3466,0.0019,2021-09-26T23:41:42
1395,1651,0.002,2021-09-26T23:41:42
1393,5185,0.002,2021-09-26T23:41:53
1392,5567,0.003,2021-09-26T23:42:42
1391,5563,0.003,2021-09-26T23:42:42
1390,3067,0.0034,2021-09-26T23:43:02
1389,4256,0.004,2021-09-26T23:43:02
1388,3068,0.0034,2021-09-26T23:43:02
1387,826,0.004,2021-09-26T23:43:02
1386,595,0.0,2021-09-27T02:00:24
1385,5410,0.0025,2021-09-28T15:31:22
1384,1768,0.003,2021-09-28T20:01:20
1383,3949,0.003,2021-09-29T03:46:19
1382,4252,0.01,2021-09-29T03:50:18
1381,3075,0.003,2021-09-29T15:22:01
1380,5566,0.003,2021-09-30T08:25:05
1379,3947,0.003,2021-09-30T08:25:39
1378,3074,0.0031,2021-09-30T08:25:57
1377,3073,0.0031,2021-09-30T08:27:35
1376,3061,0.0037,2021-09-30T08:27:47
1375,3057,0.0038,2021-09-30T08:29:09
1374,64,0.005,2021-09-30T08:32:16
1373,2372,0.0045,2021-09-30T08:33:22
1372,3076,0.003,2021-09-30T08:48:55
1371,3072,0.0032,2021-09-30T08:49:12
1370,827,0.0039,2021-09-30T08:50:10
1369,3060,0.0037,2021-09-30T08:50:26
1367,824,0.0039,2021-09-30T08:52:18
1368,3065,0.0035,2021-09-30T08:52:18
1366,4264,0.075,2021-09-30T08:52:31
1365,828,0.0039,2021-09-30T08:53:44
1363,2716,0.005,2021-09-30T08:54:23
1362,829,0.004,2021-09-30T08:55:31
1361,3343,0.03,2021-09-30T08:55:31
1360,3066,0.0034,2021-09-30T08:55:31
1359,2227,0.0074,2021-09-30T08:55:39
1358,4573,0.099,2021-09-30T08:56:30
1357,3058,0.0038,2021-09-30T08:56:30
1354,5571,0.03,2021-09-30T08:57:00
1355,4343,0.02,2021-09-30T08:57:00
1356,3950,0.005,2021-09-30T08:57:00
1353,2219,0.0074,2021-09-30T08:57:05
1352,4259,0.004,2021-09-30T08:57:26
1351,4257,0.004,2021-09-30T08:57:46
1350,4183,0.004,2021-09-30T08:57:51
1349,5364,0.005,2021-09-30T08:57:51
1348,5469,0.035,2021-09-30T08:57:51
1347,2356,0.0045,2021-09-30T08:58:24
1346,1853,0.005,2021-09-30T08:58:24
1345,2357,0.005,2021-09-30T08:58:24
1344,2368,0.0085,2021-09-30T08:58:41
1343,1369,0.065,2021-09-30T08:58:41
1340,350,0.02,2021-09-30T08:59:10
1341,2218,0.0074,2021-09-30T08:59:10
1339,2355,0.0095,2021-09-30T08:59:20
1338,2712,0.005,2021-09-30T08:59:26
1337,3948,0.005,2021-09-30T08:59:26
1336,2222,0.0074,2021-09-30T09:00:24
1335,3436,0.05,2021-09-30T09:00:24
1334,2244,0.009,2021-09-30T09:00:24
1333,4258,0.004,2021-09-30T09:00:24
1323,2094,0.008,2021-09-30T09:00:27
1324,2223,0.0074,2021-09-30T09:00:27
1325,2354,0.007,2021-09-30T09:00:27
1327,2360,0.0085,2021-09-30T09:00:27
1326,3099,0.005,2021-09-30T09:00:27
1329,2225,0.0074,2021-09-30T09:00:27
1330,4769,0.12,2021-09-30T09:00:27
1331,3657,0.045,2021-09-30T09:00:27
1332,2713,0.005,2021-09-30T09:00:27
1328,2224,0.0074,2021-09-30T09:00:27
1322,5872,0.027,2021-09-30T09:00:45
1321,1213,0.01,2021-09-30T09:00:45
1320,3848,0.14,2021-09-30T09:00:45
1319,3684,0.135,2021-09-30T09:00:45
1318,2247,0.009,2021-09-30T09:00:55
1317,5702,0.015,2021-09-30T09:00:55
1316,5386,0.14,2021-09-30T09:00:55
1315,668,0.0099,2021-09-30T09:00:55
1314,525,0.01,2021-09-30T09:00:55
1309,2220,0.0074,2021-09-30T09:01:25
1310,2248,0.009,2021-09-30T09:01:25
1313,3103,0.009,2021-09-30T09:01:25
1312,1370,0.0089,2021-09-30T09:01:25
1311,589,0.006,2021-09-30T09:01:25
1308,2366,0.006,2021-09-30T09:01:42
1307,5529,0.04,2021-09-30T09:01:50
1305,2377,0.012,2021-09-30T09:02:05
1304,1227,0.01,2021-09-30T09:02:05
1303,4416,0.0075,2021-09-30T09:02:14
1302,2254,0.009,2021-09-30T09:02:14
1297,1521,0.01,2021-09-30T09:02:20
1298,4182,0.04,2021-09-30T09:02:20
1301,4551,0.0069,2021-09-30T09:02:20
1299,2221,0.0074,2021-09-30T09:02:20
1300,48,0.008,2021-09-30T09:02:20
1296,53,0.01,2021-09-30T09:02:40
1295,4415,0.0075,2021-09-30T09:02:43
1294,1634,0.0098,2021-09-30T09:02:47
1293,3108,0.009,2021-09-30T09:03:02
1292,5300,0.05,2021-09-30T09:03:11
1291,65,0.01,2021-09-30T09:03:11
1290,4417,0.0075,2021-09-30T09:03:11
1289,5465,0.01,2021-09-30T09:03:11
1288,2760,0.01,2021-09-30T09:03:11
1287,2216,0.0074,2021-09-30T09:03:11
1277,2217,0.0074,2021-09-30T09:03:28
1278,189,0.01,2021-09-30T09:03:28
1279,2743,0.009,2021-09-30T09:03:28
1280,3149,0.01,2021-09-30T09:03:28
1285,1488,0.01,2021-09-30T09:03:28
1282,2243,0.009,2021-09-30T09:03:28
1283,1621,0.01,2021-09-30T09:03:28
1284,362,0.01,2021-09-30T09:03:28
1281,1371,0.0089,2021-09-30T09:03:28
1286,1489,0.01,2021-09-30T09:03:28
1274,5519,0.01,2021-09-30T09:04:07
1276,1030,0.0099,2021-09-30T09:04:07
1275,5826,0.02,2021-09-30T09:04:07
1271,5079,0.02,2021-09-30T09:04:12
1273,2251,0.009,2021-09-30T09:04:12
1272,2256,0.02,2021-09-30T09:04:12
1269,355,0.01,2021-09-30T09:04:18
1268,5578,0.05,2021-09-30T09:04:18
1267,2226,0.012,2021-09-30T09:04:18
1266,4731,0.03,2021-09-30T09:04:18
1265,1526,0.01,2021-09-30T09:04:32
1264,1372,0.0098,2021-09-30T09:04:32
1262,3430,0.16,2021-09-30T09:04:32
1250,1224,0.01,2021-09-30T09:04:49
1251,3472,0.01,2021-09-30T09:04:49
1252,3746,0.012,2021-09-30T09:04:49
1253,1228,0.01,2021-09-30T09:04:49
1254,2561,0.0555,2021-09-30T09:04:49
1259,4181,0.01,2021-09-30T09:04:49
1256,3668,0.15,2021-09-30T09:04:49
1257,3107,0.01,2021-09-30T09:04:49
1258,3960,0.04,2021-09-30T09:04:49
1260,2378,0.012,2021-09-30T09:04:49
1261,1511,0.01,2021-09-30T09:04:49
1255,1512,0.01,2021-09-30T09:04:49
1249,1523,0.01,2021-09-30T09:05:10
1241,2757,0.01,2021-09-30T09:05:18
1240,188,0.01,2021-09-30T09:05:18
1242,2756,0.15,2021-09-30T09:05:18
1239,2386,0.012,2021-09-30T09:05:18
1244,359,0.01,2021-09-30T09:05:18
1245,352,0.01,2021-09-30T09:05:18
1246,1416,0.01,2021-09-30T09:05:18
1247,358,0.01,2021-09-30T09:05:18
1243,3156,0.018,2021-09-30T09:05:18
1238,2380,0.012,2021-09-30T09:05:33
1237,2384,0.012,2021-09-30T09:05:33
1236,2390,0.012,2021-09-30T09:05:33
1235,3890,0.01,2021-09-30T09:05:45
1234,2091,0.015,2021-09-30T09:05:45
1226,357,0.01,2021-09-30T09:05:49
1227,1801,0.02,2021-09-30T09:05:49
1231,3889,0.01,2021-09-30T09:05:49
1230,351,0.01,2021-09-30T09:05:49
1232,5419,0.19,2021-09-30T09:05:49
1233,3556,0.043,2021-09-30T09:05:49
1229,361,0.01,2021-09-30T09:05:49
1225,2257,0.02,2021-09-30T09:06:15
1224,3435,0.055,2021-09-30T09:06:15
1216,3306,0.02,2021-09-30T09:06:17
1214,1206,0.0123,2021-09-30T09:06:17
1215,524,0.01,2021-09-30T09:06:17
1217,1635,0.0099,2021-09-30T09:06:17
1213,882,0.0123,2021-09-30T09:06:17
1219,2686,0.015,2021-09-30T09:06:17
1220,3708,0.0125,2021-09-30T09:06:17
1221,591,0.0125,2021-09-30T09:06:17
1222,1672,0.01,2021-09-30T09:06:17
1223,353,0.01,2021-09-30T09:06:17
1218,3094,0.01,2021-09-30T09:06:17
1206,2464,0.025,2021-09-30T09:06:55
1208,2393,0.012,2021-09-30T09:06:55
1207,5701,0.015,2021-09-30T09:06:55
1210,2751,0.01,2021-09-30T09:06:55
1212,5823,0.045,2021-09-30T09:06:55
1209,2088,0.015,2021-09-30T09:06:55
1205,2699,0.015,2021-09-30T09:06:57
1204,5301,0.02,2021-09-30T09:06:57
1203,5081,0.02,2021-09-30T09:06:57
1202,356,0.01,2021-09-30T09:06:57
1193,2071,0.0123,2021-09-30T09:07:25
1190,2382,0.012,2021-09-30T09:07:25
1191,2388,0.012,2021-09-30T09:07:25
1192,3433,0.057,2021-09-30T09:07:25
1194,2392,0.012,2021-09-30T09:07:25
1200,2375,0.012,2021-09-30T09:07:25
1196,2383,0.012,2021-09-30T09:07:25
1197,1794,0.015,2021-09-30T09:07:25
1198,2180,0.0123,2021-09-30T09:07:25
1199,5065,0.016,2021-09-30T09:07:25
1176,2179,0.0123,2021-09-30T09:08:26
1177,5077,0.02,2021-09-30T09:08:26
1178,2687,0.015,2021-09-30T09:08:26
1179,2387,0.012,2021-09-30T09:08:26
1180,2376,0.012,2021-09-30T09:08:26
1181,5704,0.015,2021-09-30T09:08:26
1185,2178,0.0123,2021-09-30T09:08:26
1183,354,0.01,2021-09-30T09:08:26
1184,883,0.0123,2021-09-30T09:08:26
1186,2394,0.012,2021-09-30T09:08:26
1187,2385,0.012,2021-09-30T09:08:26
1188,1795,0.015,2021-09-30T09:08:26
1189,2381,0.012,2021-09-30T09:08:26
1182,5517,0.013,2021-09-30T09:08:26
1175,2177,0.0123,2021-09-30T09:08:34
1174,1797,0.02,2021-09-30T09:08:34
1173,2563,0.019,2021-09-30T09:08:35
1172,2562,0.015,2021-09-30T09:08:43
1171,1368,0.0239,2021-09-30T09:08:43
1170,2696,0.015,2021-09-30T09:08:43
1169,1282,0.02,2021-09-30T09:08:59
1168,2306,0.02,2021-09-30T09:08:59
1167,2560,0.019,2021-09-30T09:09:11
1166,2258,0.015,2021-09-30T09:09:11
1165,2568,0.015,2021-09-30T09:09:11
1164,5416,0.07,2021-09-30T09:09:11
1163,1788,0.015,2021-09-30T09:09:11
1162,5527,0.05,2021-09-30T09:09:11
1161,2559,0.015,2021-09-30T09:09:11
1152,2010,0.02,2021-09-30T09:09:25
1153,1535,0.024,2021-09-30T09:09:25
1155,3901,0.021,2021-09-30T09:09:25
1154,5703,0.015,2021-09-30T09:09:25
1157,2567,0.015,2021-09-30T09:09:25
1158,2087,0.015,2021-09-30T09:09:25
1159,3102,0.02,2021-09-30T09:09:25
1160,5651,0.05,2021-09-30T09:09:25
1156,2260,0.015,2021-09-30T09:09:25
1151,41,0.015,2021-09-30T09:09:42
1150,1798,0.015,2021-09-30T09:09:42
1149,1791,0.015,2021-09-30T09:09:42
1148,1028,0.0123,2021-09-30T09:09:42
1147,4152,0.015,2021-09-30T09:10:03
1146,2688,0.015,2021-09-30T09:10:03
1145,3304,0.02,2021-09-30T09:10:06
1144,5553,0.025,2021-09-30T09:10:09
1143,2261,0.02,2021-09-30T09:10:09
1138,1974,0.08,2021-09-30T09:10:12
1139,2701,0.017,2021-09-30T09:10:12
1141,2565,0.015,2021-09-30T09:10:12
1142,4185,0.02,2021-09-30T09:10:12
1140,2410,0.029,2021-09-30T09:10:12
1137,4735,0.07,2021-09-30T09:10:27
1136,1560,0.02,2021-09-30T09:10:34
1134,2690,0.016,2021-09-30T09:10:34
1133,5943,0.3,2021-09-30T09:10:34
1132,3535,0.07,2021-09-30T09:10:34
1123,650,0.025,2021-09-30T09:10:44
1124,2703,0.018,2021-09-30T09:10:44
1125,2073,0.0222,2021-09-30T09:10:44
1128,1793,0.015,2021-09-30T09:10:44
1129,1787,0.015,2021-09-30T09:10:44
1131,2695,0.015,2021-09-30T09:10:44
1127,2399,0.025,2021-09-30T09:10:44
1130,1281,0.02,2021-09-30T09:10:44
1111,2893,0.23,2021-09-30T09:11:18
1112,776,0.03,2021-09-30T09:11:18
1113,3888,0.02,2021-09-30T09:11:18
1114,2031,0.025,2021-09-30T09:11:18
1115,3885,0.024,2021-09-30T09:11:18
1117,5579,0.05,2021-09-30T09:11:18
1118,78,0.02,2021-09-30T09:11:18
1119,659,0.025,2021-09-30T09:11:18
1121,2070,0.0222,2021-09-30T09:11:18
1116,2089,0.02,2021-09-30T09:11:18
1102,5941,0.03,2021-09-30T09:12:09
1103,4184,0.024,2021-09-30T09:12:09
1104,5260,0.02,2021-09-30T09:12:09
1105,3151,0.02,2021-09-30T09:12:09
1106,2459,0.025,2021-09-30T09:12:09
1108,3891,0.02,2021-09-30T09:12:09
1109,4420,0.0222,2021-09-30T09:12:09
1110,5575,0.028,2021-09-30T09:12:09
1107,5134,0.05,2021-09-30T09:12:09
1101,617,0.025,2021-09-30T09:12:21
1100,4186,0.024,2021-09-30T09:12:21
1098,2072,0.0222,2021-09-30T09:12:21
1095,2694,0.02,2021-09-30T09:12:30
1097,2460,0.025,2021-09-30T09:12:30
1096,3975,0.029,2021-09-30T09:12:30
1094,2403,0.025,2021-09-30T09:12:35
1087,2013,0.02,2021-09-30T09:12:35
1088,3542,0.07,2021-09-30T09:12:35
1089,1792,0.015,2021-09-30T09:12:35
1093,2397,0.025,2021-09-30T09:12:35
1091,5316,0.1,2021-09-30T09:12:35
1092,2463,0.025,2021-09-30T09:12:35
1090,3362,0.036,2021-09-30T09:12:35
1073,5611,0.03,2021-09-30T09:12:40
1074,2396,0.025,2021-09-30T09:12:40
1076,2402,0.025,2021-09-30T09:12:40
1077,5573,0.028,2021-09-30T09:12:40
1078,5361,0.06,2021-09-30T09:12:40
1081,2461,0.025,2021-09-30T09:12:40
1082,4771,0.05,2021-09-30T09:12:40
1072,3026,0.04,2021-09-30T09:12:40
1084,4364,0.35,2021-09-30T09:12:40
1085,3452,0.03,2021-09-30T09:12:40
1086,2259,0.02,2021-09-30T09:12:40
1079,2414,0.029,2021-09-30T09:12:40
1083,3303,0.03,2021-09-30T09:12:40
1070,4759,0.023,2021-09-30T09:13:16
1071,3106,0.03,2021-09-30T09:13:16
1060,3088,0.0268,2021-09-30T09:13:22
1061,2749,0.02,2021-09-30T09:13:22
1062,3562,0.035,2021-09-30T09:13:22
1063,3887,0.024,2021-09-30T09:13:22
1069,2026,0.027,2021-09-30T09:13:22
1065,3523,0.1,2021-09-30T09:13:22
1068,2458,0.025,2021-09-30T09:13:22
1064,3421,0.03,2021-09-30T09:13:22
1067,5614,0.03,2021-09-30T09:13:22
1059,3558,0.04,2021-09-30T09:13:50
1058,3886,0.024,2021-09-30T09:13:50
1057,4543,0.025,2021-09-30T09:13:50
1056,3698,0.024,2021-09-30T09:13:50
1055,4730,0.028,2021-09-30T09:13:50
1052,2457,0.025,2021-09-30T09:13:57
1054,2404,0.025,2021-09-30T09:13:57
1053,4586,0.03,2021-09-30T09:13:57
1051,5733,0.028,2021-09-30T09:14:00
1049,2462,0.025,2021-09-30T09:14:00
1048,2408,0.029,2021-09-30T09:14:00
1050,5532,0.12,2021-09-30T09:14:00
1047,2558,0.1,2021-09-30T09:14:06
1046,1376,0.0279,2021-09-30T09:14:06
1045,2400,0.025,2021-09-30T09:14:06
1044,5259,0.03,2021-09-30T09:14:06
1043,2395,0.025,2021-09-30T09:14:06
1038,5870,0.026,2021-09-30T09:14:24
1037,4773,0.03,2021-09-30T09:14:24
1039,5574,0.028,2021-09-30T09:14:24
1041,3954,0.035,2021-09-30T09:14:24
1040,2398,0.025,2021-09-30T09:14:24
1035,5299,0.03,2021-09-30T09:14:47
1034,360,0.026,2021-09-30T09:14:47
1033,2006,0.026,2021-09-30T09:14:47
1032,2418,0.029,2021-09-30T09:14:47
1031,2307,0.03,2021-09-30T09:14:47
1030,3443,0.03,2021-09-30T09:14:47
1029,3970,0.03,2021-09-30T09:14:47
1036,4474,0.09,2021-09-30T09:14:47
1026,4696,0.0345,2021-09-30T09:14:57
1025,3388,0.03,2021-09-30T09:14:57
1028,4371,0.03,2021-09-30T09:14:57
1027,2417,0.029,2021-09-30T09:14:57
1006,5610,0.03,2021-09-30T09:16:15
1007,4310,0.05,2021-09-30T09:16:15
1008,2330,0.025,2021-09-30T09:16:15
1009,2195,0.03,2021-09-30T09:16:15
1010,3417,0.03,2021-09-30T09:16:15
1011,5609,0.03,2021-09-30T09:16:15
1012,5811,0.05,2021-09-30T09:16:15
1013,2423,0.029,2021-09-30T09:16:15
1014,1456,0.15,2021-09-30T09:16:15
1015,2198,0.037,2021-09-30T09:16:15
1017,3328,0.05,2021-09-30T09:16:15
1018,3153,0.03,2021-09-30T09:16:15
1019,2455,0.025,2021-09-30T09:16:15
1020,1421,0.033,2021-09-30T09:16:15
1021,4151,0.03,2021-09-30T09:16:15
1022,3385,0.03,2021-09-30T09:16:15
1023,651,0.03,2021-09-30T09:16:15
1024,3429,0.03,2021-09-30T09:16:15
1016,3056,0.029,2021-09-30T09:16:15
1005,680,0.035,2021-09-30T09:16:30
996,2032,0.03,2021-09-30T09:16:31
997,4414,0.03,2021-09-30T09:16:31
998,4606,0.0284,2021-09-30T09:16:31
999,2412,0.029,2021-09-30T09:16:31
1002,4564,0.035,2021-09-30T09:16:31
1003,4599,0.0369,2021-09-30T09:16:31
1004,2181,0.0333,2021-09-30T09:16:31
1000,2069,0.0269,2021-09-30T09:16:31
995,385,0.029,2021-09-30T09:16:56
994,5662,0.036,2021-09-30T09:16:56
987,383,0.03,2021-09-30T09:17:04
988,1867,0.035,2021-09-30T09:17:04
989,5945,0.035,2021-09-30T09:17:04
993,3055,0.029,2021-09-30T09:17:04
991,2173,0.04,2021-09-30T09:17:04
992,1790,0.03,2021-09-30T09:17:04
990,3873,0.03,2021-09-30T09:17:04
986,3426,0.03,2021-09-30T09:17:45
985,2193,0.033,2021-09-30T09:17:45
984,3909,0.06,2021-09-30T09:17:45
983,5666,0.04,2021-09-30T09:17:45
982,5612,0.03,2021-09-30T09:17:45
981,4378,0.039,2021-09-30T09:17:45
980,168,0.03,2021-09-30T09:17:45
970,5665,0.037,2021-09-30T09:18:03
971,4454,0.05,2021-09-30T09:18:03
972,5948,0.028,2021-09-30T09:18:03
973,5812,0.035,2021-09-30T09:18:03
977,3330,0.03,2021-09-30T09:18:03
975,2030,0.039,2021-09-30T09:18:03
976,2744,0.12,2021-09-30T09:18:03
978,2416,0.029,2021-09-30T09:18:03
974,3741,0.03,2021-09-30T09:18:03
979,2202,0.033,2021-09-30T09:18:03
962,4568,0.03,2021-09-30T09:18:11
958,3524,0.05,2021-09-30T09:18:11
960,3451,0.03,2021-09-30T09:18:11
963,409,0.029,2021-09-30T09:18:11
959,2421,0.029,2021-09-30T09:18:11
965,3899,0.029,2021-09-30T09:18:11
969,1630,0.03,2021-09-30T09:18:11
968,5613,0.03,2021-09-30T09:18:11
964,1417,0.033,2021-09-30T09:18:11
966,2204,0.033,2021-09-30T09:18:11
967,3305,0.04,2021-09-30T09:18:11
957,2409,0.029,2021-09-30T09:18:55
956,2331,0.035,2021-09-30T09:18:55
955,5807,0.045,2021-09-30T09:18:55
954,4475,0.04,2021-09-30T09:18:55
952,531,0.033,2021-09-30T09:18:55
951,5655,0.04,2021-09-30T09:18:55
946,1875,0.04,2021-09-30T09:19:20
947,2303,0.05,2021-09-30T09:19:20
950,2426,0.029,2021-09-30T09:19:20
948,3402,0.05,2021-09-30T09:19:20
949,3422,0.03,2021-09-30T09:19:20
945,1662,0.03,2021-09-30T09:19:41
944,2161,0.04,2021-09-30T09:19:41
940,1420,0.033,2021-09-30T09:19:52
938,4455,0.05,2021-09-30T09:19:52
932,1927,0.03,2021-09-30T09:20:24
931,4871,0.033,2021-09-30T09:20:24
933,5537,0.03,2021-09-30T09:20:24
935,1767,0.04,2021-09-30T09:20:24
936,3489,0.04,2021-09-30T09:20:24
937,1784,0.03,2021-09-30T09:20:24
934,3424,0.05,2021-09-30T09:20:24
930,5184,0.4,2021-09-30T09:20:33
929,5821,0.04,2021-09-30T09:20:42
928,5221,0.035,2021-09-30T09:20:42
927,5820,0.04,2021-09-30T09:20:42
926,3893,0.05,2021-09-30T09:20:42
925,2946,0.05,2021-09-30T09:20:42
924,1747,0.029,2021-09-30T09:20:42
923,3104,0.03,2021-09-30T09:20:42
920,3329,0.03,2021-09-30T09:21:06
919,1283,0.03,2021-09-30T09:21:06
922,3561,0.0341,2021-09-30T09:21:06
921,2427,0.05,2021-09-30T09:21:06
918,3023,0.04,2021-09-30T09:21:12
917,3563,0.04,2021-09-30T09:21:19
916,5615,0.03,2021-09-30T09:21:19
915,4715,0.04,2021-09-30T09:21:26
914,5607,0.03,2021-09-30T09:21:33
912,5825,0.039,2021-09-30T09:21:33
911,3024,0.06,2021-09-30T09:21:33
910,5969,0.07,2021-09-30T09:21:33
909,2943,0.04,2021-09-30T09:21:33
908,1418,0.033,2021-09-30T09:21:33
907,2155,0.04,2021-09-30T09:21:33
906,2439,0.039,2021-09-30T09:21:33
905,2159,0.04,2021-09-30T09:21:33
904,5653,0.04,2021-09-30T09:21:46
902,1855,0.04,2021-09-30T09:21:46
899,4139,0.05,2021-09-30T09:21:46
903,2487,0.04,2021-09-30T09:21:46
901,5656,0.04,2021-09-30T09:21:46
900,4647,0.04,2021-09-30T09:21:46
897,2025,0.04,2021-09-30T09:22:04
887,5652,0.039,2021-09-30T09:22:10
888,4646,0.04,2021-09-30T09:22:10
889,3406,0.035,2021-09-30T09:22:10
890,3560,0.041,2021-09-30T09:22:10
896,2975,0.049,2021-09-30T09:22:10
892,1683,0.05,2021-09-30T09:22:10
893,2169,0.04,2021-09-30T09:22:10
894,3381,0.03,2021-09-30T09:22:10
895,3837,0.08,2021-09-30T09:22:10
891,2302,0.05,2021-09-30T09:22:10
873,3146,0.04,2021-09-30T09:22:52
874,4660,0.04,2021-09-30T09:22:52
875,5808,0.045,2021-09-30T09:22:52
876,568,0.04,2021-09-30T09:22:52
878,5887,0.1,2021-09-30T09:22:52
881,2939,0.05,2021-09-30T09:22:52
880,5818,0.04,2021-09-30T09:22:52
882,2301,0.05,2021-09-30T09:22:52
883,5353,0.05,2021-09-30T09:22:52
872,5658,0.04,2021-09-30T09:22:52
885,5360,0.039,2021-09-30T09:22:52
886,3266,0.05,2021-09-30T09:22:52
879,3900,0.04,2021-09-30T09:22:52
884,4135,0.05,2021-09-30T09:22:52
871,2158,0.04,2021-09-30T09:23:00
869,2948,0.05,2021-09-30T09:23:10
865,2168,0.04,2021-09-30T09:23:10
866,4775,0.05,2021-09-30T09:23:10
870,2945,0.05,2021-09-30T09:23:10
868,2973,0.049,2021-09-30T09:23:10
867,2164,0.04,2021-09-30T09:23:10
864,2157,0.04,2021-09-30T09:23:40
863,2745,0.03,2021-09-30T09:23:40
862,3147,0.04,2021-09-30T09:23:40
861,1001,0.06,2021-09-30T09:23:40
860,2196,0.049,2021-09-30T09:23:40
859,5661,0.043,2021-09-30T09:24:00
858,4327,0.05,2021-09-30T09:24:02
855,2172,0.04,2021-09-30T09:24:06
856,2160,0.04,2021-09-30T09:24:06
857,3333,0.06,2021-09-30T09:24:06
853,3565,0.05,2021-09-30T09:24:18
854,3318,0.07,2021-09-30T09:24:18
852,5819,0.05,2021-09-30T09:24:20
851,3961,0.04,2021-09-30T09:24:20
850,4657,0.07,2021-09-30T09:24:28
849,2118,0.04,2021-09-30T09:24:28
848,1865,0.045,2021-09-30T09:24:28
847,1863,0.0469,2021-09-30T09:24:28
846,4659,0.04,2021-09-30T09:24:28
845,5362,0.041,2021-09-30T09:24:28
844,5650,0.05,2021-09-30T09:24:28
843,3564,0.05,2021-09-30T09:24:48
841,2950,0.05,2021-09-30T09:25:04
840,3702,0.0475,2021-09-30T09:25:04
839,295,0.05,2021-09-30T09:25:04
838,3912,0.05,2021-09-30T09:25:04
837,2764,0.045,2021-09-30T09:25:04
835,2049,0.05,2021-09-30T09:25:35
834,4644,0.06,2021-09-30T09:25:41
831,5121,0.05,2021-09-30T09:25:46
833,2264,0.05,2021-09-30T09:25:46
830,1926,0.06,2021-09-30T09:25:52
829,3283,0.06,2021-09-30T09:25:52
828,119,0.45,2021-09-30T09:25:52
819,2432,0.05,2021-09-30T09:26:50
815,2947,0.05,2021-09-30T09:26:50
816,4144,0.05,2021-09-30T09:26:50
817,2913,0.065,2021-09-30T09:26:50
818,4143,0.05,2021-09-30T09:26:50
820,2007,0.06,2021-09-30T09:26:50
814,4476,0.05,2021-09-30T09:26:50
822,2428,0.05,2021-09-30T09:26:50
823,2074,0.057,2021-09-30T09:26:50
824,1684,0.05,2021-09-30T09:26:50
825,4383,0.05,2021-09-30T09:26:50
826,4654,0.05,2021-09-30T09:26:50
821,3404,0.05,2021-09-30T09:26:50
813,4714,0.06,2021-09-30T09:26:54
812,74,0.05,2021-09-30T09:26:54
811,3270,0.05,2021-09-30T09:26:54
809,5084,0.05,2021-09-30T09:27:17
808,2433,0.05,2021-09-30T09:27:17
807,5075,0.05,2021-09-30T09:27:26
804,3842,0.08,2021-09-30T09:27:35
803,4456,0.05,2021-09-30T09:27:35
806,3667,0.05,2021-09-30T09:27:35
805,4137,0.05,2021-09-30T09:27:35
801,3910,0.05,2021-09-30T09:27:49
800,5709,0.4,2021-09-30T09:27:49
799,2304,0.05,2021-09-30T09:27:49
798,1743,0.055,2021-09-30T09:27:49
792,3184,0.05,2021-09-30T09:28:14
795,3666,0.05,2021-09-30T09:28:14
794,3314,0.05,2021-09-30T09:28:14
791,2431,0.05,2021-09-30T09:28:26
784,2188,0.06,2021-09-30T09:28:49
785,3915,0.06,2021-09-30T09:28:49
786,3405,0.05,2021-09-30T09:28:49
789,2963,0.06,2021-09-30T09:28:49
787,3403,0.05,2021-09-30T09:28:49
790,1675,0.0555,2021-09-30T09:28:49
783,3911,0.06,2021-09-30T09:29:03
782,1972,0.08,2021-09-30T09:29:03
781,2830,0.07,2021-09-30T09:29:03
780,2949,0.05,2021-09-30T09:29:12
779,5501,0.05,2021-09-30T09:29:12
774,3908,0.05,2021-09-30T09:30:10
775,3341,0.065,2021-09-30T09:30:10
777,2742,0.07,2021-09-30T09:30:10
778,2748,0.06,2021-09-30T09:30:10
776,4767,0.06,2021-09-30T09:30:10
761,1977,0.08,2021-09-30T09:30:12
771,5083,0.07,2021-09-30T09:30:12
770,410,0.065,2021-09-30T09:30:12
769,2205,0.06,2021-09-30T09:30:12
768,2190,0.07,2021-09-30T09:30:12
767,3584,0.09,2021-09-30T09:30:12
766,5498,0.07,2021-09-30T09:30:12
765,5261,0.065,2021-09-30T09:30:12
764,2490,0.065,2021-09-30T09:30:12
762,3913,0.06,2021-09-30T09:30:12
772,3442,0.07,2021-09-30T09:30:12
760,889,0.08,2021-09-30T09:30:35
755,5224,0.08,2021-09-30T09:31:12
754,2489,0.054,2021-09-30T09:31:30
753,4919,0.08,2021-09-30T09:31:30
752,5721,0.4,2021-09-30T09:31:43
751,5822,0.08,2021-09-30T09:31:43
747,4766,0.06,2021-09-30T09:32:46
746,2970,0.07,2021-09-30T09:32:46
750,574,0.08,2021-09-30T09:32:46
745,5263,0.09,2021-09-30T09:33:30
743,585,0.08,2021-09-30T09:33:30
742,4141,0.08,2021-09-30T09:33:30
741,2967,0.08,2021-09-30T09:33:30
740,3339,0.075,2021-09-30T09:33:30
739,5809,0.07,2021-09-30T09:33:30
738,3652,0.09,2021-09-30T09:33:30
737,1978,0.08,2021-09-30T09:33:30
736,2741,0.077,2021-09-30T09:33:30
733,1970,0.08,2021-09-30T09:33:47
732,2165,0.08,2021-09-30T09:33:47
734,3236,0.39,2021-09-30T09:33:47
730,5817,0.12,2021-09-30T09:33:59
729,3838,0.08,2021-09-30T09:33:59
728,5806,0.06,2021-09-30T09:33:59
731,5824,0.11,2021-09-30T09:33:59
727,5814,0.07,2021-09-30T09:34:13
726,1982,0.08,2021-09-30T09:34:35
725,5664,0.05,2021-09-30T09:34:38
724,1980,0.08,2021-09-30T09:34:38
723,3686,0.1,2021-09-30T09:34:49
722,5810,0.07,2021-09-30T09:34:49
717,1981,0.08,2021-09-30T09:35:10
719,5667,0.06,2021-09-30T09:35:10
716,5502,0.08,2021-09-30T09:35:55
715,5648,0.13,2021-09-30T09:35:55
713,3658,0.09,2021-09-30T09:36:21
712,1581,0.079,2021-09-30T09:36:21
711,4649,0.08,2021-09-30T09:36:21
710,3586,0.09,2021-09-30T09:36:26
704,4125,0.02,2021-09-30T09:36:56
705,3659,0.09,2021-09-30T09:36:56
707,5119,0.08,2021-09-30T09:36:56
703,3655,0.09,2021-09-30T09:37:18
701,3840,0.08,2021-09-30T09:37:18
700,3914,0.08,2021-09-30T09:37:18
699,5122,0.08,2021-09-30T09:37:47
697,3835,0.08,2021-09-30T09:38:03
692,2166,0.08,2021-09-30T09:38:17
691,3321,0.09,2021-09-30T09:38:17
695,2003,0.09,2021-09-30T09:38:17
696,2207,0.08,2021-09-30T09:38:17
694,4122,0.035,2021-09-30T09:38:17
688,1973,0.08,2021-09-30T09:40:00
687,5944,0.1,2021-09-30T09:40:00
686,2298,0.075,2021-09-30T09:40:00
684,3441,0.1,2021-09-30T09:40:00
683,3841,0.08,2021-09-30T09:40:00
681,1971,0.08,2021-09-30T09:40:00
680,2429,0.1,2021-09-30T09:40:00
677,2167,0.08,2021-09-30T09:40:35
679,4643,0.1,2021-09-30T09:40:35
673,5881,0.1,2021-09-30T09:40:38
674,2492,0.08,2021-09-30T09:40:38
672,4650,0.12,2021-09-30T09:41:17
670,4729,0.027,2021-09-30T09:41:24
671,5986,0.098,2021-09-30T09:41:24
668,1983,0.1,2021-09-30T09:42:24
665,1463,0.1,2021-09-30T09:42:24
669,4658,0.09,2021-09-30T09:42:24
667,2750,0.08,2021-09-30T09:42:24
666,5993,0.088,2021-09-30T09:42:24
663,5985,0.068,2021-09-30T09:42:38
662,2770,0.08,2021-09-30T09:42:53
661,1618,0.07,2021-09-30T09:43:39
660,4655,0.12,2021-09-30T09:43:39
656,1629,0.075,2021-09-30T09:43:53
659,4734,0.045,2021-09-30T09:43:53
654,3839,0.08,2021-09-30T09:44:19
653,1976,0.08,2021-09-30T09:44:19
652,4652,0.08,2021-09-30T09:44:19
655,2976,0.12,2021-09-30T09:44:19
651,4918,0.08,2021-09-30T09:44:36
648,1625,0.08,2021-09-30T09:45:14
647,5988,0.088,2021-09-30T09:45:34
646,3338,0.074,2021-09-30T09:45:34
645,3647,0.09,2021-09-30T09:45:53
643,1626,0.12,2021-09-30T09:46:21
642,2940,0.08,2021-09-30T09:46:21
640,1979,0.08,2021-09-30T09:46:54
638,3340,0.085,2021-09-30T09:46:54
637,3396,0.2,2021-09-30T09:47:01
633,3021,0.07,2021-09-30T09:47:26
629,2839,0.08,2021-09-30T09:47:32
630,5660,0.11,2021-09-30T09:47:32
628,3582,0.09,2021-09-30T09:47:43
623,1975,0.08,2021-09-30T09:49:09
622,2174,0.09,2021-09-30T09:49:17
618,5990,0.088,2021-09-30T09:49:40
619,5987,0.078,2021-09-30T09:49:40
614,3646,0.09,2021-09-30T09:50:23
616,5991,0.078,2021-09-30T09:50:23
615,4653,0.09,2021-09-30T09:50:23
612,408,0.088,2021-09-30T09:50:28
613,3648,0.09,2021-09-30T09:50:28
609,5877,0.1,2021-09-30T09:50:57
608,835,0.099,2021-09-30T09:50:57
607,3671,0.09,2021-09-30T09:51:15
606,2495,0.089,2021-09-30T09:51:57
604,4438,0.1,2021-09-30T09:52:42
603,5994,0.088,2021-09-30T09:52:43
601,3316,0.09,2021-09-30T09:53:45
597,2004,0.09,2021-09-30T09:55:34
596,2778,0.09,2021-09-30T09:55:34
593,3597,0.09,2021-09-30T09:55:42
592,3709,0.09,2021-09-30T09:55:57
590,3685,0.09,2021-09-30T09:56:51
589,4524,0.11,2021-09-30T09:57:00
585,3592,0.09,2021-09-30T09:58:16
584,3598,0.09,2021-09-30T09:58:16
583,3038,0.079,2021-09-30T09:58:16
581,4124,0.08,2021-09-30T09:58:41
580,4342,0.09,2021-09-30T09:58:41
579,4662,0.1,2021-09-30T09:58:45
573,2787,0.079,2021-09-30T09:59:33
570,299,0.1,2021-09-30T10:00:26
564,1470,0.1,2021-09-30T10:01:42
565,3662,0.09,2021-09-30T10:01:42
566,1677,0.085,2021-09-30T10:01:42
562,3599,0.09,2021-09-30T10:02:20
557,2389,0.08,2021-09-30T10:03:12
560,3588,0.09,2021-09-30T10:03:12
559,1849,0.088,2021-09-30T10:03:12
558,5885,0.15,2021-09-30T10:03:12
552,3039,0.089,2021-09-30T10:04:04
550,3054,0.075,2021-09-30T10:04:22
549,4123,0.14,2021-09-30T10:04:48
548,3593,0.09,2021-09-30T10:05:35
547,3089,0.0799,2021-09-30T10:05:37
545,4350,0.09,2021-09-30T10:06:14
541,5473,0.11,2021-09-30T10:07:26
540,3650,0.09,2021-09-30T10:07:26
539,2823,0.08,2021-09-30T10:07:48
535,3581,0.09,2021-09-30T10:08:47
533,3040,0.079,2021-09-30T10:08:54
530,313,0.13,2021-09-30T10:09:16
528,5657,0.085,2021-09-30T10:09:31
525,108,0.08,2021-09-30T10:11:06
524,3037,0.087,2021-09-30T10:12:16
523,5875,0.1,2021-09-30T10:12:29
517,1914,0.099,2021-09-30T10:13:20
513,3091,0.0888,2021-09-30T10:15:49
509,3539,0.07,2021-09-30T10:16:35
507,3540,0.07,2021-09-30T10:18:06
506,2783,0.069,2021-09-30T10:18:08
504,5743,0.08,2021-09-30T10:18:52
501,3239,0.07,2021-09-30T10:19:26
499,3241,0.07,2021-09-30T10:19:26
498,3238,0.07,2021-09-30T10:19:35
495,2971,0.065,2021-09-30T10:21:31
494,576,0.079,2021-09-30T10:21:31
485,2044,0.061,2021-09-30T10:24:45
484,3234,0.07,2021-09-30T10:25:37
481,5742,0.09,2021-09-30T10:26:07
476,2974,0.06,2021-09-30T10:30:33
475,3815,0.14,2021-09-30T10:30:33
472,5737,0.08,2021-09-30T10:31:11
468,3233,0.07,2021-09-30T10:32:38
467,2784,0.065,2021-09-30T10:32:38
463,1576,0.15,2021-09-30T10:36:55
457,1851,0.055,2021-09-30T10:39:26
453,2836,0.08,2021-09-30T10:43:31
452,3307,0.05,2021-09-30T10:43:57
446,5727,0.045,2021-09-30T10:47:04
438,5725,0.05,2021-09-30T10:49:43
435,5723,0.04,2021-09-30T10:50:17
432,5264,0.045,2021-09-30T10:51:05
431,2833,0.09,2021-09-30T10:51:05
429,2944,0.07,2021-09-30T10:52:11
428,3032,0.055,2021-09-30T10:52:11
427,2017,0.048,2021-09-30T10:52:29
425,2042,0.049,2021-09-30T10:52:29
424,2961,0.065,2021-09-30T10:52:43
420,2043,0.064,2021-09-30T10:53:56
421,2040,0.059,2021-09-30T10:53:56
418,5724,0.06,2021-09-30T10:54:01
412,3034,0.048,2021-09-30T10:58:07
411,2022,0.06,2021-09-30T10:58:27
410,1850,0.06,2021-09-30T10:59:37
409,2271,0.04,2021-09-30T11:00:07
408,2277,0.04,2021-09-30T11:00:30
407,2279,0.04,2021-09-30T11:00:53
406,2276,0.04,2021-09-30T11:00:59
405,2272,0.04,2021-09-30T11:01:22
404,2265,0.04,2021-09-30T11:01:28
402,2267,0.04,2021-09-30T11:02:01
401,2278,0.04,2021-09-30T11:03:23
400,2274,0.04,2021-09-30T11:03:42
399,2275,0.04,2021-09-30T11:05:18
398,3033,0.049,2021-09-30T11:05:20
396,2270,0.04,2021-09-30T11:05:32
395,2273,0.04,2021-09-30T11:05:40
392,2269,0.04,2021-09-30T11:07:00
391,45,0.039,2021-09-30T11:07:16
390,3043,0.055,2021-09-30T11:08:01
389,1848,0.05,2021-09-30T11:09:37
387,2268,0.04,2021-09-30T11:10:18
386,2266,0.04,2021-09-30T11:10:42
385,5262,0.065,2021-09-30T11:12:25
380,5891,0.05,2021-09-30T11:15:34
378,5882,0.05,2021-09-30T11:17:22
377,5888,0.04,2021-09-30T11:18:04
375,5886,0.04,2021-09-30T11:20:16
374,2932,0.06,2021-09-30T11:21:02
373,2934,0.06,2021-09-30T11:21:25
371,3035,0.069,2021-09-30T11:26:53
369,2786,0.0543,2021-09-30T11:28:08
368,5883,0.04,2021-09-30T11:28:25
366,5879,0.05,2021-09-30T11:29:47
365,5873,0.05,2021-09-30T11:30:09
364,5876,0.05,2021-09-30T11:30:11
361,2834,0.0678,2021-09-30T11:30:31
360,5874,0.04,2021-09-30T11:31:01
359,575,0.05,2021-09-30T11:31:46
358,548,0.04,2021-09-30T11:31:46
356,2938,0.06,2021-09-30T11:32:21
355,542,0.039,2021-09-30T11:32:21
354,3594,0.09,2021-09-30T11:32:44
353,577,0.0654,2021-09-30T11:32:44
352,5509,0.05,2021-09-30T11:33:52
350,544,0.0499,2021-09-30T11:34:44
346,3044,0.07,2021-09-30T11:36:24
345,3237,0.045,2021-09-30T11:37:25
339,2937,0.06,2021-09-30T11:40:19
336,5890,0.05,2021-09-30T11:41:31
333,4617,0.05,2021-09-30T11:43:17
332,1757,0.044,2021-09-30T11:43:17
331,3242,0.055,2021-09-30T11:44:39
330,3235,0.05,2021-09-30T11:45:09
329,550,0.0555,2021-09-30T11:45:28
326,547,0.047,2021-09-30T11:46:54
324,549,0.05,2021-09-30T11:48:04
323,1752,0.044,2021-09-30T11:48:21
322,1750,0.049,2021-09-30T11:51:17
320,2238,0.042,2021-09-30T11:51:33
318,2232,0.042,2021-09-30T11:52:32
317,2233,0.042,2021-09-30T11:53:30
315,2234,0.042,2021-09-30T11:53:59
314,5689,0.06,2021-09-30T11:54:04
313,2237,0.042,2021-09-30T11:54:04
311,2231,0.042,2021-09-30T11:56:21
310,1751,0.041,2021-09-30T11:57:47
309,1755,0.041,2021-09-30T11:57:47
308,2941,0.06,2021-09-30T11:58:13
307,1759,0.041,2021-09-30T12:00:08
304,3206,0.041,2021-09-30T12:03:43
303,2236,0.042,2021-09-30T12:06:16
302,1756,0.041,2021-09-30T12:07:01
301,2235,0.042,2021-09-30T12:07:04
300,551,0.04,2021-09-30T12:08:47
299,2682,0.042,2021-09-30T12:10:10
298,2677,0.041,2021-09-30T12:17:08
297,2681,0.033,2021-09-30T12:18:25
296,615,0.038,2021-09-30T12:19:55
295,556,0.03,2021-09-30T12:22:19
294,2679,0.032,2021-09-30T12:23:40
293,554,0.03,2021-09-30T12:24:32
292,2678,0.032,2021-09-30T12:26:14
291,2676,0.05,2021-09-30T12:27:00
290,610,0.045,2021-09-30T12:30:50
289,1754,0.0275,2021-09-30T12:31:01
288,1753,0.0275,2021-09-30T12:32:56
287,553,0.03,2021-09-30T12:36:30
286,305,0.03,2021-09-30T12:50:47
284,297,0.025,2021-09-30T12:51:53
283,307,0.03,2021-09-30T12:53:16
282,298,0.03,2021-09-30T12:58:20
280,3553,0.06,2021-09-30T13:10:51
278,2115,0.021,2021-09-30T13:20:01
277,546,0.024,2021-09-30T13:21:54
276,3409,0.02,2021-09-30T13:23:32
273,2675,0.035,2021-09-30T13:25:41
272,3271,0.05,2021-09-30T13:26:58
270,3765,0.024,2021-09-30T13:28:48
269,3769,0.025,2021-09-30T13:28:59
267,3764,0.023,2021-09-30T13:28:59
266,308,0.025,2021-09-30T13:29:15
265,3762,0.025,2021-09-30T13:30:05
264,1701,0.04,2021-09-30T13:30:09
263,608,0.04,2021-09-30T13:30:37
262,3768,0.025,2021-09-30T13:30:59
261,3760,0.026,2021-09-30T13:30:59
260,3767,0.03,2021-09-30T13:32:07
259,543,0.027,2021-09-30T13:39:21
257,300,0.025,2021-09-30T13:47:43
254,155,0.0275,2021-09-30T13:50:35
253,555,0.025,2021-09-30T13:51:02
252,468,0.025,2021-09-30T13:53:29
251,306,0.03,2021-09-30T13:55:22
250,3354,0.03,2021-09-30T14:16:54
249,613,0.037,2021-09-30T14:24:54
244,3349,0.03,2021-09-30T14:45:23
243,5692,0.06,2021-09-30T14:47:07
242,545,0.03,2021-09-30T14:49:47
241,2683,0.035,2021-09-30T14:50:26
240,673,0.03,2021-09-30T14:52:10
239,2369,0.078,2021-09-30T14:55:14
238,334,0.0695,2021-09-30T14:55:19
237,3019,0.07,2021-09-30T14:57:22
236,3252,0.02,2021-09-30T15:39:55
235,669,0.03,2021-09-30T15:40:27
234,3250,0.02,2021-09-30T15:41:34
226,5730,0.019,2021-09-30T17:15:55
222,487,0.0125,2021-09-30T17:22:11
221,3247,0.02,2021-09-30T17:23:22
220,3248,0.02,2021-09-30T17:23:27
217,3254,0.02,2021-09-30T17:26:40
216,495,0.02,2021-09-30T17:29:27
215,3253,0.02,2021-09-30T17:34:35
214,3245,0.02,2021-09-30T17:35:06
213,3246,0.02,2021-09-30T17:37:10
212,497,0.02,2021-09-30T17:37:38
208,3251,0.02,2021-09-30T17:41:48
207,3249,0.02,2021-09-30T17:42:05
206,5384,0.029,2021-09-30T17:43:30
204,3087,0.025,2021-09-30T17:50:32
203,3814,0.019,2021-09-30T17:55:16
202,3809,0.019,2021-09-30T17:55:16
201,3812,0.019,2021-09-30T17:56:08
200,3810,0.019,2021-09-30T17:59:32
199,490,0.019,2021-09-30T18:00:20
198,3813,0.019,2021-09-30T18:01:16
197,3766,0.024,2021-09-30T18:02:04
195,3816,0.029,2021-09-30T18:06:44
194,3352,0.03,2021-09-30T18:08:07
193,671,0.021,2021-09-30T18:08:51
192,670,0.021,2021-09-30T18:13:07
191,2779,0.06,2021-09-30T18:16:17
190,672,0.021,2021-09-30T18:16:59
189,1459,0.03,2021-09-30T18:17:13
188,3351,0.03,2021-09-30T18:18:25
186,3763,0.025,2021-09-30T18:25:43
185,2845,0.033,2021-09-30T18:27:24
184,31,0.02,2021-09-30T18:40:39
183,291,0.0,2021-09-30T18:42:26
182,32,0.02,2021-09-30T18:45:14
181,5551,0.039,2021-09-30T18:48:26
179,3761,0.03,2021-09-30T19:58:28
177,492,0.023,2021-09-30T20:06:58
176,2844,0.039,2021-09-30T20:08:42
175,496,0.035,2021-09-30T20:24:52
173,3189,0.03,2021-10-01T00:29:28
172,3905,0.04,2021-10-01T00:32:19
171,722,0.025,2021-10-01T00:48:26
169,995,0.02,2021-10-01T01:45:02
167,5785,0.066,2021-10-01T02:34:12
166,3661,0.018,2021-10-01T02:51:52
165,3591,0.018,2021-10-01T03:01:35
163,3663,0.018,2021-10-01T03:57:54
162,3589,0.018,2021-10-01T04:41:26
161,3656,0.018,2021-10-01T04:43:03
160,3644,0.018,2021-10-01T04:51:20
159,3587,0.018,2021-10-01T04:51:20
158,3792,0.0169,2021-10-01T04:52:31
157,3791,0.0169,2021-10-01T04:57:24
155,3583,0.018,2021-10-01T05:15:42
154,3794,0.0169,2021-10-01T06:28:56
153,3790,0.0169,2021-10-01T06:33:52
152,3595,0.018,2021-10-01T06:38:48
151,3653,0.018,2021-10-01T07:28:55
150,3585,0.018,2021-10-01T07:30:38
149,2255,0.02,2021-10-01T07:31:56
148,499,0.017,2021-10-01T07:34:59
147,3596,0.018,2021-10-01T07:35:44
146,3645,0.018,2021-10-01T07:37:58
145,3660,0.018,2021-10-01T07:38:55
144,3649,0.018,2021-10-01T09:40:20
142,1539,0.018,2021-10-01T10:25:28
138,5729,0.05,2021-10-01T11:10:30
139,2773,0.1,2021-10-01T11:10:30
137,1528,0.05,2021-10-01T11:15:26
135,1555,0.025,2021-10-01T11:19:36
132,3600,0.018,2021-10-01T14:35:33
131,3566,0.015,2021-10-01T15:00:30
129,1654,0.017,2021-10-01T15:36:47
128,491,0.015,2021-10-01T18:07:21
127,3654,0.018,2021-10-01T21:52:05
124,4821,0.03,2021-10-02T02:14:58
123,4823,0.04,2021-10-02T04:32:57
121,1866,0.0139,2021-10-02T04:34:52
119,3240,0.015,2021-10-02T04:35:41
118,485,0.014,2021-10-02T04:35:41
113,3793,0.016,2021-10-02T05:03:00
112,5387,0.018,2021-10-02T05:04:07
110,1655,0.018,2021-10-02T05:38:28
109,4822,0.02,2021-10-02T05:43:11
106,2959,0.024,2021-10-02T07:14:20
105,3522,0.02,2021-10-02T07:35:46
99,1538,0.018,2021-10-02T12:17:31
98,1622,0.019,2021-10-02T13:49:05
96,718,0.0175,2021-10-02T18:07:08
95,721,0.0175,2021-10-02T18:09:38
94,3190,0.02,2021-10-02T19:01:04
93,1536,0.02,2021-10-02T19:34:59
92,4732,0.05,2021-10-02T19:38:18
91,3171,0.02,2021-10-02T19:41:09
90,1454,0.02,2021-10-02T21:02:08
89,3567,0.025,2021-10-02T21:08:02
87,3203,0.02,2021-10-02T22:58:36
85,3704,0.017,2021-10-03T01:45:58
82,4176,0.019,2021-10-03T11:43:32
78,1620,0.025,2021-10-03T19:14:49
76,2841,0.019,2021-10-03T23:36:02
73,2718,0.0139,2021-10-04T09:39:15
71,2838,0.029,2021-10-04T11:06:40
69,4803,0.017,2021-10-04T11:41:35
67,4470,0.01,2021-10-05T00:10:56
65,4468,0.01,2021-10-05T04:41:32
64,4375,0.025,2021-10-05T04:41:40
56,5348,0.029,2021-10-05T08:55:49
54,2842,0.024,2021-10-05T11:38:55
53,3962,0.02,2021-10-05T12:07:29
52,4469,0.01,2021-10-05T12:09:39
47,4805,0.017,2021-10-05T12:33:42
46,4966,0.0169,2021-10-05T12:33:42
45,1452,0.018,2021-10-05T12:37:17
44,5375,0.14,2021-10-05T12:40:23
43,1451,0.02,2021-10-05T14:45:38
42,73,0.0169,2021-10-05T18:01:32
40,4377,0.039,2021-10-06T03:37:42
39,1450,0.025,2021-10-06T04:50:27
37,3205,0.02,2021-10-06T12:10:38
36,5216,0.019,2021-10-06T15:52:16
32,2250,0.015,2021-10-07T06:01:06
31,2249,0.015,2021-10-07T06:01:44
29,719,0.018,2021-10-07T15:04:32
28,3965,0.025,2021-10-07T15:19:51
25,4305,0.017,2021-10-08T12:44:06
22,517,0.018,2021-10-09T22:23:34
21,516,0.018,2021-10-10T03:25:37
20,1645,0.018,2021-10-10T05:44:49
16,1031,0.015,2021-10-10T20:25:16
15,4265,0.015,2021-10-11T10:34:33
14,4711,0.01,2021-10-11T23:50:58
11,4712,0.009,2021-10-12T08:39:43
12,984,0.011,2021-10-12T08:39:43
13,997,0.011,2021-10-12T08:39:43
10,987,0.011,2021-10-12T08:40:22
6,3370,0.0049,2021-10-18T04:12:35
5,4824,0.003,2021-10-19T06:24:38
3,541,0.009,2021-10-20T08:38:43
2,540,0.007,2021-10-22T19:36:14
1,3966,0.011,2021-10-22T23:59:11
